OBJECTID,Join_Count,TARGET_FID,NHDES Facility ID,Alternative Facilty ID*,SAU #/Alias,Facility Name,Address,Town,County,State,Sample ID,Date,Time,Sample Location Comments,Parameter/Analyte,Result,Units,zip code,lon,lat,B17020_001E,B17020_002E,B17020_003E,B17020_004E,B17020_005E,B17020_006E,B17020_007E,B17020_008E,B17020_009E,B17020_010E,B17020_011E,B17020_012E,B17020_013E,B17020_014E,B17020_015E,B17020_016E,B17020_017E,B29002_001E,B29002_002E,B29002_003E,B29002_004E,B29002_005E,B29002_006E,B29002_007E,B29002_008E,B29003_001E,B29003_002E,B29003_003E,B29004_001E,B01001_026E,B01001_002E,B02001_001E,B02001_002E,B02001_003E,B02001_004E,B02001_005E,B02001_006E,B02001_007E,B02001_008E,B02001_009E,B02001_010E,B16009_001E,B16009_002E,B16009_003E,B16009_004E,B16009_005E,B16009_006E,B16009_007E,B16009_008E,B16009_009E,B16009_010E,B16009_011E,B16009_012E,B16009_013E,B16009_014E,B16009_015E,B16009_016E,B16009_017E,B16009_018E,B16009_019E,B16009_020E,B16009_021E,B16009_022E,B16009_023E,B16009_024E,B16009_025E,B16009_026E,B16009_027E,B17019_001E,B17019_002E,B17019_003E,B17019_004E,B17019_005E,B17019_006E,B17019_007E,B17019_008E,B17019_009E,B17019_010E,B17019_011E,B17019_012E,B17019_013E,B17019_014E,B17019_015E,B17019_016E,B17019_017E,B17019_018E,B17019_019E,B17019_020E,B17019_021E,B17019_022E,B17019_023E,B17021_001E,B17021_002E,B17021_003E,B17021_004E,B17021_005E,B17021_006E,B17021_007E,B17021_008E,B17021_009E,B17021_010E,B17021_011E,B17021_012E,B17021_013E,B17021_014E,B17021_015E,B17021_016E,B17021_017E,B17021_018E,B17021_019E,B17021_020E,B17021_021E,B17021_022E,B17021_023E,B17021_024E,B17021_025E,B17021_026E,B17021_027E,B17021_028E,B17021_029E,B17021_030E,B17021_031E,B17021_032E,B17021_033E,B17021_034E,B17021_035E,B21004_001E,B21004_002E,B21004_003E,B21004_004E,B21004_005E,B21004_006E,B21004_007E,B23001_001E,B23001_002E,B23001_003E,B23001_004E,B23001_005E,B23001_006E,B23001_007E,B17005_001E,B17005_002E,B17005_003E,B17005_004E,B17005_005E,B17005_006E,B17005_007E,B17005_008E,B17005_009E,B17005_010E,B17005_011E,B17005_012E,B17005_013E,B17005_014E,B17005_015E,B17005_016E,B19083_001E,B19101_001E,B19101_002E,B19101_003E,B19101_004E,B19101_005E,B19101_006E,B19101_007E,B19101_008E,B19101_009E,B19101_010E,B19101_011E,B19101_012E,B19101_013E,B19101_014E,B19101_015E,B19101_016E,B19101_017E,PWSID,ZIP_CODE,Turbidity,Surface Water Treatment Rule,Interim Enhanced Surface Water Treatment Rule,Stage 1 Disinfectants and Disinfection Byproducts Rule,Groundwater Rule,Long Term 2 Enhanced Surface Water Treatment Rule,Chlorine,Arsenic,Barium,Cadmium,Chloride,Chromium,CYANIDE,Fluoride,Iron,Manganese,Mercury,Nickel,Perchlorate,Nitrate,Nitrite,Selenium,Silver,Sodium,Sulfate,"Antimony, Total","Beryllium, Total","Thallium, Total",Asbestos,pH,Endrin,BHC-GAMMA,Methoxychlor,Toxaphene,Carbaryl,Methomyl,Dalapon,Diquat,Endothall,Glyphosate,Di(2-ethylhexyl) adipate,OXAMYL,Simazine,Di(2-ethylhexyl) phthalate,Picloram,Dinoseb,Hexachlorocyclopentadiene,Aldicarb sulfoxide,Aldicarb sulfone,Metolachlor,Carbofuran,Aldicarb,Atrazine,LASSO,"2,3,7,8-TCDD",Heptachlor,3-Hydroxycarbofuran,Heptachlor epoxide,Dieldrin,Butachlor,Propachlor,"2,4-D","2,4,5-TP",Chloromethane,Bromomethane,Chloroethane,Naphthalene,METHYL TERT-BUTYL ETHER,HEXACHLOROBENZENE,Benzo(a)pyrene,Pentachlorophenol,Aldrin,"1,2,4-Trichlorobenzene","cis-1,2-Dichloroethylene",Total Polychlorinated Biphenyls (PCB),Aroclor 1016,Aroclor 1221,Aroclor 1242,Aroclor 1248,Aroclor 1254,Aroclor 1260,Dibromomethane,"1,1-Dichloropropene","1,3-Dichloropropane","1,3-DICHLOROPROPENE","1,2,3-Trichloropropane","2,2-Dichloropropane","1,2,4-Trimethylbenzene",n-Butylbenzene,"1,3,5-Trimethylbenzene",Dicamba,Total Haloacetic Acids (HAA5),Metribuzin,"CARBON, TOTAL","1,2-DIBROMO-3-CHLOROPROPANE",Chloroform,Bromoform,Bromodichloromethane,Dibromochloromethane,ETHYLENE DIBROMIDE,TTHM,"Xylenes, Total",Chlordane,p-Xylene,DICHLOROMETHANE,o-Chlorotoluene,p-Chlorotoluene,m-Dichlorobenzene,o-Dichlorobenzene,p-Dichlorobenzene,Vinyl chloride,"1,1-Dichloroethylene","1,1-Dichloroethane","trans-1,2-Dichloroethylene","1,2-Dichloroethane","1,1,1-Trichloroethane",Carbon tetrachloride,"1,2-Dichloropropane",Trichloroethylene,"1,1,2-Trichloroethane","1,1,1,2-Tetrachloroethane",Tetrachloroethylene,"1,1,2,2-Tetrachloroethane",CHLOROBENZENE,Benzene,Toluene,Ethylbenzene,Bromobenzene,m-Xylene,Styrene,o-Xylene,n-Propylbenzene,8 Regulated Phase I VOCs,ENTEROCOCCI,E. COLI,Cryptosporidium,Coliform (TCR),"Gross Alpha, Excl. Radon and U","Gross Alpha, Incl. Radon and U",Radon,Combined Uranium,Uranium-238,Combined Radium (-226 and -228),Photon Emitters,Radium-226,Radium-228,Gross Beta Particle Activity,ManMade Beta Particle and Photon Emitter,Tritium,38-STRONTIUM-90,Consumer Confidence Rule,Public Notice,Revised Total Coliform Rule,POPULATION_SERVED_COUNT
1,1,1,SCH-21335,,SAU#88,HANOVER STREET SCHOOL,193 HANOVER ST.,LEBANON,GRAFTON,NH,166473.14,2017-03-08 00:00:00,2/1/2019 7:16:00 AM,RM 114 SINK,LEAD,62.0,UG/L (PPB),03766,-72.2504600001816,43.6534799999695,9189,928,174,38,33,468,150,46,19,8261,582,307,299,4894,1355,480,344,,,,,,,,,,,,,4787,4601,9388,8479,146,18,603,0,36,106,12,94,8582,754,71,71,0,0,0,0,683,638,1,1,13,30,7828,755,681,0,74,0,0,7073,6360,99,423,153,38,2136,166,15,15,0,151,15,15,0,136,0,136,1970,1562,1231,331,408,165,113,52,243,98,145,9189,928,517,66,29,37,451,52,35,17,399,361,38,411,312,283,29,99,8261,6215,4951,4829,122,1264,579,517,62,685,645,40,2046,1776,1536,240,270,40273,48188,52566,-666666666,39793,42645,38926,8092,3996,183,75,0,75,75,7937,703,412,70,50,20,342,291,82,65,17,209,7234,3529,2696,2680,0.4519,2136,139,15,12,88,54,0,89,30,63,77,214,371,348,166,313,157,NH1432010,03766,0,0,0,0,0,0,0,0,0,0,0,0,0,0,0,0,0,0,0,0,0,0,0,0,0,0,0,0,0,0,0,0,0,0,0,0,0,0,0,0,0,0,0,0,0,0,0,0,0,0,0,0,0,0,0,0,0,0,0,0,0,0,0,0,0,0,0,0,0,0,0,0,0,0,0,0,0,0,0,0,0,0,0,0,0,0,0,0,0,0,0,0,0,0,0,0,0,0,0,0,0,0,0,0,0,0,0,0,0,0,0,0,0,0,0,0,0,0,0,0,0,0,0,0,0,0,0,0,0,0,0,0,0,0,0,0,0,0,0,0,0,0,0,0,0,0,0,0,0,0,0,0,1,23
4,1,4,SCH-20970,SCH-27000,SAU#66,HOPKINTON HIGH SCHOOL,297 PARK AVE.,HOPKINTON,MERRIMACK,NH,194948.01,2019-05-03 00:00:00,7/1/2019 5:50:00 AM,BEFORE WATER METER,LEAD,5100.0,UG/L (PPB),03229,-71.7182400000918,43.230650000115,5614,210,0,37,13,95,48,17,0,5404,490,333,240,2941,1028,184,188,,,,,,,,,,,,,2898,2793,5691,5558,19,0,0,0,0,114,0,114,5337,210,50,50,0,0,0,0,160,160,0,0,0,0,5127,786,786,0,0,0,0,4341,4266,28,47,0,0,1715,30,13,0,13,17,0,0,0,17,17,0,1685,1437,1347,90,248,66,44,22,182,182,0,5614,210,112,39,39,0,73,19,0,19,54,54,0,98,69,48,21,29,5404,4860,4188,4175,13,672,219,219,0,453,414,39,544,409,298,111,135,45255,62395,62018,-666666666,41667,48750,37232,4578,2241,53,30,0,30,30,4578,160,34,34,34,0,0,126,48,48,0,78,4418,2207,1686,1633,0.3955,1715,0,0,30,39,15,0,60,22,29,227,158,216,170,224,296,229,NH1193030,03229,0,0,0,0,0,0,0,0,0,0,0,0,0,0,0,0,0,0,0,0,0,0,0,0,0,0,0,0,0,0,0,0,0,0,0,0,0,0,0,0,0,0,0,0,0,0,0,0,0,0,0,0,0,0,0,0,0,0,0,0,0,0,0,0,0,0,0,0,0,0,0,0,0,0,0,0,0,0,0,0,0,0,0,0,0,0,0,0,0,0,0,0,0,0,0,0,0,0,0,0,0,0,0,0,0,0,0,0,0,0,0,0,0,0,0,0,0,0,0,0,0,0,0,0,0,0,0,0,0,0,0,0,0,0,0,0,0,0,0,0,0,0,0,0,0,0,0,0,0,0,0,0,1,150
5,1,5,SCH-21430,,SAU#35,WHITE MOUNTAIN SCHOOL,371 WEST FARM RD.,BETHLEHEM,GRAFTON,NH,195683.04,2019-05-20 00:00:00,6/1/2019 7:02:00 AM,8 DICKEY HOUSE DEN BATHROOM,LEAD,52.0,UG/L (PPB),03574,-71.757408041276,44.2801410122159,2548,239,4,5,5,149,66,5,5,2309,105,76,132,1218,658,94,26,,,,,,,,,,,,,1362,1207,2569,2500,21,5,11,6,0,26,0,26,2449,235,10,10,0,0,0,0,225,225,0,0,0,0,2214,218,198,0,20,0,0,1996,1991,0,5,0,0,644,37,27,27,0,10,5,0,5,5,5,0,607,509,489,20,98,50,39,11,48,37,11,2548,239,115,56,56,0,59,49,14,35,10,10,0,124,92,92,0,32,2309,1845,1515,1515,0,330,149,138,11,181,161,20,464,346,260,86,118,31048,47500,46518,49792,29840,36250,23120,2258,1005,12,7,0,7,7,2253,225,84,45,39,6,39,141,72,62,10,69,2028,916,616,616,0.4458,644,0,14,23,0,29,66,33,9,21,56,87,111,85,56,21,33,NH0241010,03574,0,0,0,0,0,0,0,0,0,0,0,0,0,0,0,0,0,0,0,0,0,0,0,0,0,0,0,0,0,0,0,0,0,0,0,0,0,0,0,0,0,0,0,0,0,0,0,0,0,0,0,0,0,0,0,0,0,0,0,0,0,0,0,0,0,0,0,0,0,0,0,0,0,0,0,0,0,0,0,0,0,0,0,0,0,0,0,0,0,0,0,1,0,0,0,0,0,0,0,0,0,0,0,0,0,0,0,0,0,0,0,0,0,0,0,0,0,0,0,0,0,0,0,0,0,0,0,0,0,0,0,0,0,0,0,0,0,0,0,0,0,0,0,0,0,0,0,0,0,0,0,0,0,1750
6,1,6,SCH-21470,,SAU#36,JEFFERSON ELEMENTARY SCHOOL,178 MEADOWS RD.,JEFFERSON,COOS,NH,B611081003,2016-12-28 00:00:00,3/1/2019 1:00:00 PM,CLASSROOM 4,LEAD,4190.0,UG/L (PPB),03583,-71.4725299999374,44.4073500001061,850,33,3,4,1,10,3,8,4,817,39,49,26,401,270,25,7,,,,,,,,,,,,,457,393,850,830,0,0,14,0,0,6,0,6,808,30,5,5,0,0,0,0,25,14,0,11,0,0,778,75,75,0,0,0,0,703,683,6,14,0,0,265,6,6,6,0,0,0,0,0,0,0,0,259,224,209,15,35,13,13,0,22,22,0,850,33,21,20,20,0,1,1,0,1,0,0,0,12,8,8,0,4,817,683,563,563,0,120,43,32,11,77,72,5,134,123,109,14,11,31568,38125,34583,63281,31176,31618,30294,737,337,13,4,0,4,4,737,26,11,3,3,0,8,15,1,1,0,14,711,326,209,201,0.3793,265,3,0,3,16,13,24,9,9,4,20,36,53,24,21,27,3,NH1238130,03583,0,0,0,0,0,0,0,0,0,0,0,0,0,0,0,0,0,0,0,0,0,0,0,0,0,0,0,0,0,0,0,0,0,0,0,0,0,0,0,0,0,0,0,0,0,0,0,0,0,0,0,0,0,0,0,0,0,0,0,0,0,0,0,0,0,0,0,0,0,0,0,0,0,0,0,0,0,0,0,0,0,0,0,0,0,0,0,0,0,0,0,0,0,0,0,0,0,0,0,0,0,0,0,0,0,0,0,0,0,0,0,0,0,0,0,0,0,0,0,0,0,0,0,0,0,0,0,0,0,0,0,0,0,0,0,0,1,0,0,0,0,0,0,0,0,0,0,0,0,0,0,0,0,33
7,1,7,SCH-21735,,SAU#94,WINCHESTER SCHOOL,85 PARKER ST.,WINCHESTER,CHESHIRE,NH,67483,2019-03-27 00:00:00,5/1/2019 8:10:00 AM,ART ROOM SINK 5,LEAD,51.0,UG/L (PPB),03470,-72.3762999999892,42.76837999994,4998,830,315,69,22,362,45,7,10,4168,204,328,236,2150,965,219,66,,,,,,,,,,,,,2777,2378,5155,5041,24,5,57,0,0,28,4,24,4533,515,91,91,0,0,0,0,424,413,4,7,0,0,4018,618,618,0,0,0,0,3400,3272,16,51,61,0,1169,149,68,12,56,81,23,5,18,58,48,10,1020,804,724,80,216,80,18,62,136,75,61,4998,830,728,356,348,8,372,175,123,52,197,178,19,102,92,85,7,10,4168,3283,2517,2496,21,766,334,275,59,432,389,43,885,732,597,135,153,28188,31086,35250,28210,27039,32636,23022,3964,1892,74,27,0,27,9,3879,424,181,103,85,18,78,243,178,146,32,65,3455,1670,1142,1132,0.3855,1169,39,0,50,49,42,100,26,56,52,61,155,197,172,115,13,42,NH1987010,03470,0,0,0,0,0,0,0,0,0,0,0,0,0,0,0,0,0,0,0,0,0,0,0,0,0,0,0,0,0,0,0,0,0,0,0,0,0,0,0,0,0,0,0,0,0,0,0,0,0,0,0,0,0,0,0,0,0,0,0,0,0,0,0,0,0,0,0,0,0,0,0,0,0,0,0,0,0,0,0,0,0,0,0,0,0,0,0,0,0,0,0,0,0,0,0,0,0,0,0,0,0,0,0,0,0,0,0,0,0,0,0,0,0,0,0,0,0,0,0,0,0,0,0,0,0,0,0,0,0,0,0,0,0,0,1,0,0,0,0,0,0,0,0,0,0,0,0,0,0,0,0,0,0,200
8,1,8,SCH-22340,,,HOLDERNESS SCHOOL,33 CHAPEL LANE,PLYMOUTH,GRAFTON,NH,118111917.158,2018-11-20 00:00:00,1/1/2019 9:02:00 AM,HAGERMAN 3 LAB FCT 5  SB247 ID# SCH - 22340,LEAD,3640.0,UG/L (PPB),03245,-71.6740800002124,43.7584399998412,2048,176,0,17,33,80,46,0,0,1872,74,144,120,915,411,142,66,,,,,,,,,,,,,1053,1001,2054,1968,13,0,51,0,0,22,0,22,1998,176,50,50,0,0,0,0,126,126,0,0,0,0,1822,288,270,0,18,0,0,1534,1448,0,63,23,0,550,17,17,0,17,0,0,0,0,0,0,0,533,417,379,38,116,7,7,0,109,66,43,2048,176,84,84,84,0,0,0,0,0,0,0,0,92,42,20,22,50,1872,1609,1307,1297,10,302,26,20,6,276,276,0,263,189,144,45,74,27806,32031,32031,-666666666,27074,30991,24250,1698,840,34,4,0,4,4,1698,126,67,9,9,0,58,59,22,22,0,37,1572,773,513,498,0.4117,550,0,0,16,52,16,6,26,25,31,37,63,84,64,23,71,36,NH1168200,03245,0,0,0,0,0,0,0,0,0,0,0,0,0,0,0,0,0,0,0,0,0,0,0,0,0,0,0,0,0,0,0,0,0,0,0,0,0,0,0,0,0,0,0,0,0,0,0,0,0,0,0,0,0,0,0,0,0,0,0,0,0,0,0,0,0,0,0,0,0,0,0,0,0,0,0,0,0,0,0,0,0,0,0,0,0,0,0,0,0,0,0,0,0,0,0,0,0,0,0,0,0,0,0,0,0,0,0,0,0,0,0,0,0,0,0,0,0,0,0,0,0,0,0,0,0,0,0,0,0,0,0,0,0,0,0,0,0,0,0,0,0,0,0,0,0,0,0,0,0,0,0,0,1,25
9,1,9,SCH-21925,CB-05588,SAU#42,BROAD STREET ELEMENTARY SCHOOL,390 BROAD ST.,NASHUA,HILLSBOROUGH,NH,B902309001,2019-04-23 00:00:00,5/1/2019 6:30:00 AM,BROAD ST ELEM BUBBLER A1,LEAD,48.6,UG/L (PPB),03063,-71.5151600000046,42.7581700003069,16071,868,22,56,54,451,201,52,32,15203,817,838,1072,8958,2501,839,178,,,,,,,,,,,,,8159,8267,16426,13902,541,44,1316,0,242,381,21,360,15417,846,110,101,0,0,9,0,736,668,8,34,26,0,14571,2095,1569,244,184,74,24,12476,9987,699,1272,438,80,4422,160,71,39,32,89,0,0,0,89,0,89,4262,3281,2453,828,981,318,249,69,663,270,393,16071,868,451,208,142,66,243,0,0,0,243,223,20,417,272,252,20,145,15203,12257,9481,9398,83,2776,863,787,76,1913,1695,218,2946,2283,1677,606,663,43738,56728,64750,50396,41824,54699,31993,14087,6969,573,310,0,310,252,13752,756,259,88,78,10,171,497,183,175,8,314,12996,6485,5070,4895,0.3953,4422,59,59,32,97,33,127,141,36,109,251,458,760,691,431,387,751,NH0212020,03063,0,0,0,0,0,0,0,0,0,0,0,0,0,0,0,0,0,0,0,0,0,0,0,0,0,0,0,0,0,0,0,0,0,0,0,0,0,0,0,0,0,0,0,0,0,0,0,0,0,0,0,0,0,0,0,0,0,0,0,0,0,0,0,0,0,0,0,0,0,0,0,0,0,0,0,0,0,0,0,0,0,0,0,0,0,0,0,0,0,0,0,0,0,0,0,0,0,0,0,0,0,0,0,0,0,0,0,0,0,0,0,0,0,0,0,0,0,0,0,0,0,0,0,0,0,0,0,0,0,0,0,0,0,0,0,0,0,0,0,0,0,0,0,0,0,0,0,0,0,0,1,0,0,180
11,1,11,SCH-22805,CB-04574,SAU#5,MAST WAY SCHOOL,23 MAST RD.,LEE,STRAFFORD,NH,118121969.01,2018-12-14 00:00:00,3/1/2019 8:00:00 AM,KITCHEN,LEAD,48.0,UG/L (PPB),03861,-71.0078789812218,43.1259000126706,4484,49,0,0,0,7,42,0,0,4435,198,350,280,2522,911,148,26,,,,,,,,,,,,,2312,2173,4485,3932,2,0,435,0,1,115,0,115,4354,49,0,0,0,0,0,0,49,48,1,0,0,0,4305,698,564,96,23,15,0,3607,3132,122,156,197,0,1271,0,0,0,0,0,0,0,0,0,0,0,1271,1065,1049,16,206,14,0,14,192,171,21,4484,49,0,0,0,0,0,0,0,0,0,0,0,49,42,42,0,7,4435,3789,3218,3172,46,571,42,42,0,529,529,0,646,563,476,87,83,49500,93581,93581,-666666666,43815,52868,40079,3713,1708,36,0,0,0,0,3713,49,45,2,1,1,43,4,1,1,0,3,3664,1663,1277,1277,0.3574,1271,0,0,26,12,63,0,32,16,0,58,48,178,216,131,191,300,NH1333010,03861,0,0,0,0,0,0,0,1,0,0,0,0,0,0,0,0,0,0,0,0,0,0,0,0,0,0,0,0,0,0,0,0,0,0,0,0,0,0,0,0,0,0,0,0,0,0,0,0,0,0,0,0,0,0,0,0,0,0,0,0,0,0,0,0,0,0,0,0,0,0,0,0,0,0,0,0,0,0,0,0,0,0,0,0,0,0,0,0,0,0,0,0,0,0,0,0,0,0,0,0,0,0,0,0,0,0,0,0,0,0,0,0,0,0,0,0,0,0,0,0,0,0,0,0,0,0,0,0,0,0,0,0,0,0,0,0,0,0,0,0,0,0,0,0,0,0,0,0,0,0,0,0,0,35
12,1,12,SCH-22700,,SAU#54,SPAULDING HIGH SCHOOL,130 WAKEFIELD ST.,ROCHESTER,STRAFFORD,NH,1904-00461-060,2019-03-27 00:00:00,6/1/2019 5:49:00 AM,FCS KITCHEN RM 275 SINK 5 (POSSIBLY OUT OF ORDER),LEAD,2380.0,UG/L (PPB),03867,-70.9781899997465,43.3125300002805,21299,1942,167,48,165,1092,276,165,29,19357,978,1066,1538,10996,3246,1037,496,,,,,,,,,,,,,10922,10669,21591,20346,113,0,349,53,104,626,75,551,20418,1835,273,273,0,0,0,0,1562,1537,5,20,0,0,18583,2808,2691,16,20,81,0,15775,14823,261,456,235,0,5870,381,61,48,13,320,146,69,77,174,33,141,5489,4435,3782,653,1054,417,220,197,637,285,352,21299,1942,1223,189,139,50,1034,391,321,70,643,487,156,719,545,492,53,174,19357,16064,13036,12987,49,3028,1087,956,131,1941,1698,243,3293,2605,1929,676,688,31442,37745,38222,34075,30469,39721,23858,17967,8682,623,247,55,192,192,17666,1623,634,243,222,21,391,989,348,315,33,641,16043,7879,5922,5761,0.4351,5870,261,95,152,179,154,123,297,326,255,409,609,1300,700,353,396,261,NH2001020,03867,0,0,0,0,0,0,0,0,0,0,0,0,0,0,0,0,0,0,0,0,0,0,0,0,0,0,0,0,0,0,0,0,0,0,0,0,0,0,0,0,0,0,0,0,0,0,0,0,0,0,0,0,0,0,0,0,0,0,0,0,0,0,0,0,0,0,0,0,0,0,0,0,0,0,0,0,0,0,0,0,0,0,0,0,0,0,0,0,0,0,0,0,0,0,0,0,0,0,0,0,0,0,0,0,0,0,0,0,0,0,0,0,0,0,0,0,0,0,0,0,0,0,0,0,0,0,0,0,0,0,0,0,0,0,0,0,0,0,0,0,0,0,0,0,0,0,0,0,0,0,0,0,0,25
13,1,13,SCH-22120,SCH-26960,SAU#45,MOULTONBOROUGH ACADEMY,25 BLAKE RD.,MOULTONBOROUGH,CARROLL,NH,118112696.57,2018-11-30 00:00:00,1/1/2019 8:28:00 AM,C119 SCIENCE ROOM 1  SB247 ID# SCH-22120,LEAD,43.0,UG/L (PPB),03254,-71.3971299999896,43.7484400001193,4076,240,0,23,55,97,64,1,0,3836,131,188,194,1677,1239,311,96,,,,,,,,,,,,,2117,1999,4116,3943,1,0,48,12,33,79,0,79,3985,240,78,78,0,0,0,0,162,140,1,0,21,0,3745,422,402,14,0,6,0,3323,3277,14,23,8,1,1284,48,12,12,0,36,8,0,8,28,15,13,1236,1043,1013,30,193,111,93,18,82,40,42,4076,240,143,24,24,0,119,40,19,21,79,79,0,97,56,56,0,41,3836,3330,2761,2761,0,569,319,290,29,250,202,48,506,434,344,90,72,38789,52750,53000,-666666666,36908,45750,26343,3611,1769,163,67,0,67,67,3611,185,108,25,25,0,83,77,56,35,21,21,3426,1661,1054,1042,0.4907,1284,27,8,13,65,18,0,18,39,63,149,201,186,159,85,54,199,NH1528080,03254,0,0,0,0,0,0,0,0,0,0,0,0,0,0,0,0,0,0,0,0,0,0,0,0,0,0,0,0,0,0,0,0,0,0,0,0,0,0,0,0,0,0,0,0,0,0,0,0,0,0,0,0,0,0,0,0,0,0,0,0,0,0,0,0,0,0,0,0,0,0,0,0,0,0,0,0,0,0,0,0,0,0,0,0,0,0,0,0,0,0,0,0,0,0,0,0,0,0,0,0,0,0,0,0,0,0,0,0,0,0,0,0,0,0,0,0,0,0,0,0,0,0,0,0,0,0,0,0,0,0,0,0,0,0,0,0,0,0,0,0,0,0,0,0,0,0,0,0,0,0,0,0,1,25
14,1,14,SCH-29100,SCH-29060,SAU#401,MAKING COMMUNITY CONNECTIONS CHARTER SCHOOL (M),60 ROGERS ST UNIT 203,MANCHESTER,HILLSBOROUGH,NH,1607-03049-003,2016-07-28 00:00:00,4/1/2019 10:17:00 AM,MC2 204 SINK,LEAD,2340.0,UG/L (PPB),03103,-71.4495350384822,42.9791550163512,36314,5715,515,909,445,3222,429,70,125,30599,2243,1909,1829,19242,3846,959,571,,,,,,,,,,,,,18318,18620,36938,30445,2241,53,2230,11,520,1438,144,1294,33875,5311,1465,901,326,65,0,173,3846,2329,760,313,29,415,28564,3946,2730,647,193,166,210,24618,18698,2359,2305,944,312,8739,1080,356,10,346,724,174,22,152,550,40,510,7659,5143,3200,1943,2516,910,306,604,1606,517,1089,36314,5715,4246,1305,1265,40,2941,807,521,286,2134,1983,151,1469,957,634,323,512,30599,24516,17071,16961,110,7445,2832,2453,379,4613,4164,449,6083,4543,3384,1159,1540,30840,36154,37736,31581,30536,35933,26013,29563,14898,704,249,0,249,210,29102,3946,1681,902,574,328,779,2265,665,425,240,1600,25156,12892,10436,10052,0.4128,8739,369,272,394,329,515,416,209,359,493,744,1171,1257,886,626,412,287,NH0974010,03103,0,0,0,0,0,0,0,1,0,0,0,0,0,0,0,0,0,0,0,0,0,0,0,0,0,0,0,0,0,0,0,0,0,0,0,0,0,0,0,0,0,0,0,0,0,0,0,0,0,0,0,0,0,0,0,0,0,0,0,0,0,0,0,0,0,0,0,0,0,0,0,0,0,0,0,0,0,0,0,0,0,0,0,0,0,0,0,0,0,0,0,0,0,0,0,0,0,0,0,0,0,0,0,0,0,0,0,0,0,0,0,0,0,0,0,0,0,0,0,0,0,0,0,0,0,0,0,0,0,0,0,0,0,0,0,0,0,0,0,0,0,0,0,0,0,0,0,0,0,0,0,0,0,48
16,1,16,SCH-21255,,SAU#30,LACONIA HIGH SCHOOL,345 UNION AVE.,LACONIA,BELKNAP,NH,191150.37,2019-01-02 00:00:00,1/1/2019 11:31:00 AM,925,LEAD,2100.0,UG/L (PPB),03246,-71.4632100004242,43.5348900001719,15989,1811,274,272,48,831,265,76,45,14178,562,803,950,7590,3216,727,330,,,,,,,,,,,,,8195,8265,16460,15794,224,11,118,0,45,268,0,268,15345,1639,422,422,0,0,0,0,1217,1127,12,60,15,3,13706,1843,1782,0,0,13,48,11863,11414,73,280,40,56,4180,282,79,20,59,203,47,4,43,156,18,138,3898,3036,2426,610,862,208,61,147,654,310,344,15989,1811,1111,277,248,29,834,219,198,21,615,540,75,700,489,326,163,211,14178,11402,8742,8734,8,2660,556,485,71,2104,1984,120,2776,2248,1835,413,528,29323,32162,31655,35694,28925,35040,26135,13959,7073,499,334,0,334,317,13510,1217,558,227,179,48,331,659,292,217,75,367,12293,6191,4381,4217,0.4368,4180,91,115,38,176,178,149,181,203,109,375,401,761,577,156,439,231,NH1288100,03246,0,0,0,0,0,0,0,0,0,0,0,0,0,0,0,0,0,0,0,0,0,0,0,0,0,0,0,0,0,0,0,0,0,0,0,0,0,0,0,0,0,0,0,0,0,0,0,0,0,0,0,0,0,0,0,0,0,0,0,0,0,0,0,0,0,0,0,0,0,0,0,0,0,0,0,0,0,0,0,0,0,0,0,0,0,0,0,0,0,0,0,0,0,0,0,0,0,0,0,0,0,0,0,0,0,0,0,0,0,0,0,0,0,0,0,0,0,0,0,0,0,0,0,0,0,0,0,0,0,0,0,0,0,0,0,0,0,0,0,0,0,0,0,0,0,0,0,0,0,0,0,1,1,45
17,1,17,SCH-22335,,SAU#48,CAMPTON ELEMENTARY SCHOOL,1110 NH RTE. 175,CAMPTON,GRAFTON,NH,18120204-031,2018-12-26 00:00:00,,80W RM9 SINK,LEAD,39.0,UG/L (PPB),03223,-71.6349637648706,43.8513804355397,3356,227,0,0,6,122,40,59,0,3129,121,93,281,1890,545,126,73,,,,,,,,,,,,,1692,1681,3373,3342,4,0,0,0,0,27,0,27,3251,227,6,6,0,0,0,0,221,221,0,0,0,0,3024,390,390,0,0,0,0,2634,2463,0,171,0,0,713,6,0,0,0,6,0,0,0,6,6,0,707,565,526,39,142,14,14,0,128,84,44,3356,227,12,0,0,0,12,0,0,0,12,12,0,215,200,162,38,15,3129,2535,1849,1788,61,686,38,38,0,648,550,98,594,472,395,77,122,30732,33542,33400,-666666666,29612,36319,26483,3021,1507,87,56,0,56,56,3012,221,146,0,0,0,146,75,38,38,0,37,2791,1356,994,979,0.4625,713,6,0,13,28,25,17,42,5,25,54,66,138,48,98,56,92,NH0926010,03223,0,0,0,0,0,0,0,0,0,0,0,0,0,0,0,0,0,0,0,0,0,0,0,0,0,0,0,0,0,0,0,0,0,0,0,0,0,0,0,0,0,0,0,0,0,0,0,0,0,0,0,0,0,0,0,0,0,0,0,0,0,0,0,0,0,0,0,0,0,0,0,0,0,1,0,0,0,0,0,0,0,0,0,0,0,0,0,0,0,0,0,0,0,0,0,0,0,0,0,0,0,0,0,0,0,0,0,0,0,0,0,0,0,0,0,0,0,0,0,0,0,0,0,0,0,0,0,0,0,0,0,0,0,0,0,0,0,0,0,0,0,0,0,0,0,0,0,0,0,0,0,0,0,30
18,1,18,SCH-21020,CB-05614,SAU#26,JAMES MASTRICOLA ELEMENTARY SCHOOL,7 SCHOOL ST.,MERRIMACK,HILLSBOROUGH,NH,157191.68,2016-06-14 00:00:00,10/1/2018 7:18:00 AM,24,LEAD,2000.0,UG/L (PPB),03054,-71.4973200001461,42.8672400000446,25771,1008,12,48,103,583,204,57,1,24763,1276,2027,2071,13967,3975,1250,197,,,,,,,,,,,,,12839,13106,25945,23946,271,0,532,51,630,515,0,515,24811,996,151,109,0,0,0,42,845,756,0,10,35,44,23815,4426,4255,17,133,21,0,19389,18298,342,540,209,0,7172,194,95,95,0,99,47,0,47,52,13,39,6978,5715,5402,313,1263,307,307,0,956,816,140,25771,1008,606,209,190,19,397,166,95,71,231,168,63,402,237,224,13,165,24763,21588,17942,17897,45,3646,742,723,19,2904,2700,204,3175,2542,1863,679,633,46270,51101,50462,77098,45120,63189,35794,21114,10303,874,474,0,474,358,20983,928,422,117,75,42,305,506,99,99,0,407,20055,9810,7801,7449,0.3727,7172,41,133,0,100,48,127,93,157,181,482,496,771,1174,834,1351,1184,NH1402010,03054,0,0,0,0,0,0,0,0,0,0,0,0,0,0,0,0,0,0,0,0,0,0,0,0,0,0,0,0,0,0,0,0,0,0,0,0,0,0,0,0,0,0,0,0,0,0,0,0,0,0,0,0,1,0,0,0,0,1,0,0,0,0,0,0,0,0,0,0,0,0,0,0,0,0,0,0,0,0,0,0,0,0,0,0,0,0,0,0,0,0,0,0,0,0,1,0,0,0,0,0,0,0,0,0,0,0,0,0,0,0,0,0,0,0,0,0,0,0,0,0,0,0,0,0,0,0,0,0,0,0,0,0,0,0,0,0,0,0,0,0,0,0,0,0,0,0,0,0,0,0,0,0,0,30
19,1,19,SCH-28555,,SAU#25,BEDFORD HIGH SCHOOL,47B NASHUA RD.,BEDFORD,HILLSBOROUGH,NH,119010314.27,2018-12-28 00:00:00,1/1/2019 8:58:00 AM,RIGHT BUBBLER ADJACENT B128,LEAD,37.0,UG/L (PPB),03110,-71.5192900000318,42.9366899999399,21906,609,16,54,144,320,45,15,15,21297,1637,1755,2086,10984,3831,755,249,,,,,,,,,,,,,11496,11039,22535,20717,221,0,890,0,132,575,14,561,20567,593,198,198,0,0,0,0,395,331,0,64,0,0,19974,4155,3888,72,114,81,0,15819,14550,207,738,324,0,6410,158,32,32,0,126,28,0,28,98,98,0,6252,5448,5090,358,804,296,254,42,508,398,110,21906,609,556,160,94,66,396,85,69,16,311,272,39,53,42,42,0,11,21297,19777,17239,17191,48,2538,948,845,103,1590,1475,115,1520,1361,1188,173,159,53381,55294,57206,45179,52897,77813,41035,17371,8302,463,246,0,246,204,16791,395,157,96,65,31,61,238,124,82,42,114,16396,7872,6383,6144,0.4073,6410,55,0,106,28,30,29,78,89,62,113,345,676,900,668,1256,1975,VT0020986,03110,0,0,0,0,0,0,0,0,0,0,0,0,0,0,0,0,0,0,0,0,0,0,0,0,0,0,0,0,0,0,0,0,0,0,0,0,0,0,0,0,0,0,0,0,0,0,0,0,0,0,0,0,0,0,0,0,0,0,0,0,0,0,0,0,0,0,0,0,0,0,0,0,0,0,0,0,0,0,0,0,0,0,0,0,0,0,0,0,0,0,0,0,0,0,0,0,0,0,0,0,0,0,0,0,0,0,0,0,0,0,0,0,0,0,0,0,0,0,0,0,0,0,0,0,0,0,0,0,0,0,0,0,0,0,0,0,0,0,0,0,0,0,0,0,0,0,0,0,0,0,0,0,0,49
20,1,20,SCH-20660,,SAU#18,FRANKLIN HIGH SCHOOL,115 CENTRAL ST.,FRANKLIN,MERRIMACK,NH,1903-02500-005,2019-03-16 00:00:00,4/1/2019 11:21:00 AM,DISH WASHING STATION RIGHT COLD,LEAD,1920.0,UG/L (PPB),03235,-71.6531999999228,43.441360000068,8600,754,52,51,118,361,130,42,0,7846,203,603,448,4429,1579,330,254,,,,,,,,,,,,,4656,4106,8762,8524,12,0,73,0,14,139,0,139,8378,702,169,169,0,0,0,0,533,521,0,12,0,0,7676,1084,1063,21,0,0,0,6592,6363,85,88,56,0,2286,123,0,0,0,123,10,10,0,113,27,86,2163,1619,1429,190,544,129,97,32,415,142,273,8600,754,409,0,0,0,409,31,20,11,378,364,14,345,267,233,34,78,7846,6130,4522,4500,22,1608,366,360,6,1242,1071,171,1716,1406,1131,275,310,30064,33889,37031,21917,29750,39116,25117,7430,3315,155,104,0,104,90,7268,563,132,30,16,14,102,431,165,147,18,266,6705,3120,2175,2069,0.419,2286,89,0,39,99,63,113,61,146,121,328,259,307,418,50,78,115,NH0203020,03235,0,0,0,0,0,0,1,0,0,0,0,0,0,0,0,0,0,0,0,0,0,0,0,0,0,0,0,0,0,0,0,0,0,0,0,0,0,0,0,0,0,0,0,0,0,0,0,0,0,0,0,0,0,0,0,0,0,0,0,0,0,0,0,0,0,0,0,0,0,0,0,0,0,0,0,0,0,0,0,0,0,0,0,0,0,0,0,0,0,0,0,0,0,0,0,0,0,0,0,0,0,0,0,0,0,0,0,0,0,0,0,0,0,0,0,0,0,0,0,0,0,0,0,0,0,0,0,0,0,0,0,0,0,0,0,0,0,0,0,0,0,0,0,0,0,0,0,0,0,0,0,0,0,70
21,1,21,SCH-22005,,SAU#85,SUNAPEE CENTRAL SCHOOL,22 SCHOOL ST.,SUNAPEE,SULLIVAN,NH,190634.03,2018-12-27 00:00:00,1/1/2019 8:36:00 AM,122718 DW23,LEAD,36.0,UG/L (PPB),03782,-72.08941698631,43.3884710086222,3105,209,20,0,45,64,80,0,0,2896,157,192,215,1419,665,190,58,,,,,,,,,,,,,1547,1558,3105,3068,7,0,30,0,0,0,0,0,2967,189,45,45,0,0,0,0,144,144,0,0,0,0,2778,446,446,0,0,0,0,2332,2279,0,53,0,0,859,67,42,11,31,25,6,6,0,19,0,19,792,687,648,39,105,29,29,0,76,34,42,3105,209,203,137,120,17,66,16,16,0,50,39,11,6,6,6,0,0,2896,2469,2166,2166,0,303,76,66,10,227,199,28,427,348,290,58,79,39559,51944,56094,-666666666,37450,34330,38996,2569,1234,100,56,0,56,56,2569,154,87,11,11,0,76,67,19,19,0,48,2415,1147,870,827,0.4717,859,56,11,0,7,17,17,1,0,39,48,86,178,137,109,72,81,NH2278090,03782,0,0,0,0,0,0,0,0,0,0,0,0,0,0,0,0,0,0,0,0,0,0,0,0,0,0,0,0,0,0,0,0,0,0,0,0,0,0,0,0,0,0,0,0,0,0,0,0,0,0,0,0,0,0,0,0,0,0,0,0,0,0,0,0,0,0,0,0,0,0,0,0,0,0,0,0,0,0,0,0,0,0,0,0,0,0,0,0,0,0,0,0,0,0,0,0,0,0,0,0,0,0,0,0,0,0,0,0,0,0,0,0,0,0,0,0,0,0,0,0,0,0,0,0,0,0,0,0,0,0,0,0,0,0,0,0,1,0,0,0,0,0,0,0,0,0,0,0,0,0,0,1,2,30
22,1,22,SCH-20420,SCH-29105,SAU#10,GILBERT H. HOOD MIDDLE SCHOOL,5 HOOD RD,DERRY,ROCKINGHAM,NH,1904-03285-001,2019-04-26 00:00:00,8/1/2019 8:12:00 AM,14-GHH 130 KILN ROOM SINK (RETEST),LEAD,1830.0,UG/L (PPB),03038,-71.3206799997304,42.8883599998367,33307,2695,310,356,355,1287,293,93,1,30612,1601,1982,2388,18758,4788,899,196,,,,,,,,,,,,,16875,16768,33643,31857,265,17,413,0,525,566,155,411,31718,2385,711,597,60,35,19,0,1674,1576,37,46,15,0,29333,4692,4464,156,65,7,0,24641,23087,582,826,139,7,9078,533,130,118,12,403,25,25,0,378,24,354,8545,6583,5509,1074,1962,517,306,211,1445,794,651,33307,2695,1854,575,530,45,1279,132,72,60,1147,1075,72,841,536,512,24,305,30612,26502,20336,20290,46,6166,1400,1265,135,4766,4306,460,4110,3254,2280,974,856,37828,53795,56526,33561,36213,47921,30081,27547,13542,1124,707,0,707,624,27341,1800,658,279,243,36,379,1142,468,326,142,674,25541,12802,10518,10004,0.4001,9078,353,110,88,227,173,215,262,305,441,610,942,1070,1515,962,903,902,NH1932220,03038,0,0,0,0,0,0,0,0,0,0,0,0,0,0,0,0,0,0,0,0,0,0,0,0,0,0,0,0,0,0,0,0,0,0,0,0,0,0,0,0,0,0,0,0,0,0,0,0,0,0,0,0,0,0,0,0,0,0,0,0,0,0,0,0,0,0,0,0,0,0,0,0,0,0,0,0,0,0,0,0,0,0,0,0,0,0,0,0,0,0,0,0,0,0,0,0,0,0,0,0,0,0,0,0,0,0,0,0,0,0,0,0,0,0,0,0,0,0,0,0,0,0,0,0,0,0,0,0,0,0,0,0,0,0,0,0,0,1,0,0,0,0,0,0,0,0,0,0,0,0,0,3,0,35
28,1,28,SCH-20395,,SAU#202,PINKERTON ACADEMY,5 PINKERTON ST.,DERRY,ROCKINGHAM,NH,1905-02378-002,2019-05-20 00:00:00,6/1/2019 6:25:00 AM,105-LB4 ROM 10 BOYS (RETEST),LEAD,954.0,UG/L (PPB),03038,-71.3174900004098,42.8954199997668,33307,2695,310,356,355,1287,293,93,1,30612,1601,1982,2388,18758,4788,899,196,,,,,,,,,,,,,16875,16768,33643,31857,265,17,413,0,525,566,155,411,31718,2385,711,597,60,35,19,0,1674,1576,37,46,15,0,29333,4692,4464,156,65,7,0,24641,23087,582,826,139,7,9078,533,130,118,12,403,25,25,0,378,24,354,8545,6583,5509,1074,1962,517,306,211,1445,794,651,33307,2695,1854,575,530,45,1279,132,72,60,1147,1075,72,841,536,512,24,305,30612,26502,20336,20290,46,6166,1400,1265,135,4766,4306,460,4110,3254,2280,974,856,37828,53795,56526,33561,36213,47921,30081,27547,13542,1124,707,0,707,624,27341,1800,658,279,243,36,379,1142,468,326,142,674,25541,12802,10518,10004,0.4001,9078,353,110,88,227,173,215,262,305,441,610,942,1070,1515,962,903,902,NH1932220,03038,0,0,0,0,0,0,0,0,0,0,0,0,0,0,0,0,0,0,0,0,0,0,0,0,0,0,0,0,0,0,0,0,0,0,0,0,0,0,0,0,0,0,0,0,0,0,0,0,0,0,0,0,0,0,0,0,0,0,0,0,0,0,0,0,0,0,0,0,0,0,0,0,0,0,0,0,0,0,0,0,0,0,0,0,0,0,0,0,0,0,0,0,0,0,0,0,0,0,0,0,0,0,0,0,0,0,0,0,0,0,0,0,0,0,0,0,0,0,0,0,0,0,0,0,0,0,0,0,0,0,0,0,0,0,0,0,0,1,0,0,0,0,0,0,0,0,0,0,0,0,0,3,0,35
23,1,23,SCH-20480,,SAU#12,LONDONDERRY MIDDLE SCHOOL,313 MAMMOTH RD.,LONDONDERRY,ROCKINGHAM,NH,LMS 13,2016-07-22 00:00:00,,NURSE BATHROOM SINK,LEAD,35.0,UG/L (PPB),03053,-71.3785400002937,42.8736600000534,25690,591,31,84,125,201,120,30,0,25099,1548,1728,2306,14284,4067,915,251,,,,,,,,,,,,,13107,12625,25732,24471,312,19,448,26,92,364,7,357,24332,560,209,151,58,0,0,0,351,281,44,24,2,0,23772,4255,4058,77,72,48,0,19517,18207,379,797,117,17,7349,135,45,40,5,90,9,9,0,81,42,39,7214,5943,5497,446,1271,408,270,138,863,611,252,25690,591,469,107,107,0,362,54,26,28,308,263,45,122,74,68,6,48,25099,22917,19228,19138,90,3689,1096,956,140,2593,2248,345,2182,1788,1426,362,394,46383,60982,59659,-666666666,45465,65044,32385,20803,9933,811,411,0,411,376,20783,408,124,24,24,0,100,284,69,69,0,215,20375,9789,7713,7551,0.3605,7349,62,16,35,24,89,203,149,173,147,346,642,1056,945,966,1214,1282,NH1392320,03053,0,0,0,0,1,0,0,1,0,0,0,0,0,0,0,0,0,0,0,0,0,0,0,0,0,0,0,0,0,0,0,0,0,0,0,0,0,0,0,0,0,0,0,0,0,0,0,0,0,0,0,0,0,0,0,0,0,0,0,0,0,0,0,0,0,0,0,0,0,0,0,0,0,1,0,0,0,0,0,0,0,0,0,0,0,0,0,0,0,0,0,0,0,0,0,0,0,0,0,0,0,0,0,0,0,0,0,0,0,0,0,0,0,0,0,0,0,0,0,0,0,0,0,0,1,0,0,0,0,0,0,0,0,0,0,0,0,0,0,0,0,0,0,0,0,0,0,0,0,0,0,2,0,28
24,1,24,SCH-22750,,SAU#55,HAMPSTEAD MIDDLE SCHOOL,28 SCHOOL ST.,HAMPSTEAD,ROCKINGHAM,NH,1904-02689-048,2019-04-22 00:00:00,6/1/2019 9:41:00 AM,48-ROOM 513 SINK 2,LEAD,1650.0,UG/L (PPB),03841,-71.1776200002055,42.8798899998992,6530,357,46,44,30,126,66,29,16,6173,193,443,653,3158,1224,421,81,,,,,,,,,,,,,3408,3151,6559,6195,51,0,137,0,49,127,0,127,6318,311,74,63,11,0,0,0,237,236,0,1,0,0,6007,1123,1047,0,0,76,0,4884,4551,125,171,29,8,1787,58,38,15,23,20,0,0,0,20,10,10,1729,1388,1332,56,341,151,59,92,190,141,49,6530,357,242,172,161,11,70,9,0,9,61,50,11,115,93,93,0,22,6173,5275,4361,4352,9,914,382,343,39,532,508,24,898,750,591,159,148,45000,64875,68250,25833,44039,52583,33026,5329,2597,117,20,0,20,11,5320,237,105,50,50,0,55,132,43,22,21,89,5083,2487,1867,1811,0.4411,1787,25,10,42,54,76,10,28,106,27,79,129,164,316,112,296,313,NH1038060,03841,0,0,0,0,0,0,0,0,0,0,0,0,0,0,0,0,0,0,0,0,0,0,0,0,0,0,0,0,0,0,0,0,0,0,0,0,0,0,0,0,0,0,0,0,0,0,0,0,0,0,0,0,0,0,0,0,0,0,0,0,0,0,0,0,0,0,0,0,0,0,0,0,0,0,0,0,0,0,0,0,0,0,0,0,0,0,0,0,0,0,0,0,0,0,0,0,0,0,0,0,0,0,0,0,0,0,0,0,0,0,0,0,0,0,0,0,0,0,0,0,0,0,0,0,0,0,0,0,0,0,0,0,0,0,1,0,0,0,0,0,0,0,0,0,0,0,0,0,0,0,0,0,0,150
25,1,25,SCH-22150,,SAU#80,BELMONT MIDDLE SCHOOL,38 SCHOOL ST.,BELMONT,BELKNAP,NH,191734.03,2019-02-05 00:00:00,2/1/2019 7:24:00 AM,020519 - DW303 SINK C,"ROOM 117""",,1600.0,03220,-71.4813299997669,43.4401099999999,7478,691,145,41,19,288,175,0,23,6787,302,315,610,3895,1313,302,50,,,,,,,,,,,,,4114,3449,7563,7301,0,35,145,0,0,82,0,82,7157,546,60,60,0,0,0,0,486,470,0,16,0,0,6611,1051,1004,20,27,0,0,5560,5372,36,120,32,0,2185,182,82,82,0,100,0,0,0,100,0,100,2003,1640,1423,217,363,46,34,12,317,293,24,7478,691,499,246,246,0,253,0,0,0,253,227,26,192,133,133,0,59,6787,5881,4946,4796,150,935,125,125,0,810,810,0,906,719,533,186,187,34487,42321,48636,-666666666,32706,35984,32126,6212,2892,148,84,0,84,84,6205,486,130,56,40,16,74,356,110,110,0,246,5719,2756,2076,1966,0.4422,2185,146,36,32,16,26,135,77,89,71,145,207,342,308,114,316,125,NH2357050,03220,0,0,0,0,0,0,0,0,0,0,0,0,0,0,0,0,0,0,0,0,0,0,0,0,0,0,0,0,0,0,0,0,0,0,0,0,0,0,0,0,0,0,0,0,0,0,0,0,0,0,0,0,0,0,0,0,0,0,0,0,0,0,0,0,0,0,0,0,0,0,0,0,0,0,0,0,0,0,0,0,0,0,0,0,0,0,0,0,0,0,0,0,0,0,0,0,0,0,0,0,0,0,0,0,0,0,0,0,0,0,0,0,0,0,0,0,0,0,0,0,0,0,0,0,0,0,0,0,0,0,0,0,0,0,0,0,2,0,0,0,0,0,0,0,0,0,0,0,0,0,0,1,2,25
26,1,26,SCH-22810,,SAU#56,ROLLINSFORD GRADE SCHOOL,487 LOCUST ST.,ROLLINSFORD,STRAFFORD,NH,B903689010,2019-06-05 00:00:00,6/1/2019 7:00:00 AM,CLASSROOM 108,LEAD,1550.0,UG/L (PPB),03869,-70.8243100001352,43.2317600003123,2522,166,0,6,0,85,26,49,0,2356,138,171,157,1310,433,114,33,,,,,,,,,,,,,1376,1146,2522,2396,68,0,0,0,0,58,0,58,2423,166,6,6,0,0,0,0,160,160,0,0,0,0,2257,367,367,0,0,0,0,1890,1817,7,53,0,13,720,32,11,6,5,21,0,0,0,21,21,0,688,580,517,63,108,35,27,8,73,33,40,2522,166,83,28,28,0,55,8,0,8,47,42,5,83,64,50,14,19,2356,2080,1790,1777,13,290,106,101,5,184,169,15,276,237,213,24,39,37389,53182,53182,-666666666,34928,48906,28932,2091,967,23,6,0,6,6,2071,160,52,25,25,0,27,108,26,26,0,82,1911,895,654,646,0.4315,720,21,6,5,27,0,15,22,10,10,61,81,117,84,67,106,88,NH1677070,03869,0,0,0,0,0,0,0,0,0,0,0,0,0,0,0,0,0,0,0,0,0,0,0,0,0,0,0,0,0,0,0,0,0,0,0,0,0,0,0,0,0,0,0,0,0,0,0,0,0,0,0,0,0,0,0,0,0,0,0,0,0,0,0,0,0,0,0,0,0,0,0,0,0,0,0,0,0,0,0,0,0,0,0,0,0,0,0,0,0,0,0,0,0,0,0,0,0,0,0,0,0,0,0,0,0,0,0,0,0,0,0,0,0,0,0,0,0,0,0,0,0,0,0,0,0,0,0,0,0,0,0,0,0,0,0,0,0,0,0,0,0,0,0,0,0,0,0,0,0,0,0,0,1,163
27,1,27,SCH-22265,,SAU#47,CONANT HIGH SCHOOL,3 CONANT WAY,JAFFREY,CHESHIRE,NH,68451,2019-05-15 00:00:00,5/1/2019 4:33:00 AM,221D,LEAD,1017.0,UG/L (PPB),03452,-72.0183200001165,42.8115499998193,5217,418,43,0,30,332,0,0,13,4799,124,405,439,2584,934,178,135,,,,,,,,,,,,,2807,2476,5283,5043,0,0,77,0,76,87,0,87,5124,392,47,47,0,0,0,0,345,344,0,1,0,0,4732,901,886,0,15,0,0,3831,3697,0,98,36,0,1178,18,0,0,0,18,0,0,0,18,0,18,1160,945,894,51,215,37,0,37,178,159,19,5217,418,190,129,0,129,61,0,0,0,61,61,0,228,115,89,26,113,4799,3791,3040,3018,22,751,76,76,0,675,675,0,1008,814,559,255,194,30454,44167,43021,-666666666,29192,41500,24157,4489,2187,244,39,0,39,39,4423,375,137,105,64,41,32,238,125,125,0,113,4048,2038,1526,1526,0.4336,1178,0,0,39,45,49,18,95,35,0,38,125,317,84,147,110,76,NH1329030,03452,0,0,0,0,0,0,0,0,0,0,0,0,0,0,0,0,0,0,0,0,0,0,0,0,0,0,0,0,0,0,0,0,0,0,0,0,0,0,0,0,0,0,0,0,0,0,0,0,0,0,0,0,0,0,0,0,0,0,0,0,0,0,0,0,0,0,0,0,0,0,0,0,0,0,0,0,0,0,0,0,0,0,0,0,0,0,0,0,0,0,0,0,0,0,0,0,0,0,0,0,0,0,0,0,0,0,0,0,0,0,0,0,0,0,0,0,0,0,0,0,0,0,0,0,0,0,0,0,0,0,0,0,0,0,0,0,1,0,0,0,0,0,0,0,0,0,0,0,0,0,0,0,0,233
29,1,29,SCH-22045,,SAU#74,BARRINGTON ELEMENTARY SCHOOL,570 CALEF HIGHWAY,BARRINGTON,STRAFFORD,NH,119101112.01,2019-09-26 00:00:00,,KITCHEN POT FILLER,570 CALEF HIGHWAY,," NH""",03825,-70.9966499997461,43.2077700001607,9245,321,0,0,11,225,85,0,0,8924,732,829,651,5417,991,201,103,,,,,,,,,,,,,4629,4616,9245,8915,0,0,257,0,0,73,0,73,8664,321,11,11,0,0,0,0,310,297,0,13,0,0,8343,1631,1591,0,40,0,0,6712,6435,0,115,162,0,2501,66,66,66,0,0,0,0,0,0,0,0,2435,2032,1940,92,403,67,67,0,336,213,123,9245,321,192,176,132,44,16,0,0,0,16,0,16,129,49,30,19,80,8924,8030,6651,6631,20,1379,176,176,0,1203,1127,76,894,687,479,208,207,41166,64071,64214,-666666666,39835,46343,36652,7184,3470,175,102,0,102,73,7184,321,142,100,100,0,42,179,52,52,0,127,6863,3328,2618,2571,0.3931,2501,53,0,13,15,37,46,0,69,0,133,309,382,323,231,566,324,ME0092635,03825,0,0,0,0,0,0,0,1,0,0,0,0,0,0,0,0,0,0,0,0,0,0,0,0,0,0,0,0,0,0,0,0,0,0,0,0,0,0,0,0,0,0,0,0,0,0,0,0,0,0,0,0,0,0,0,0,0,0,0,0,0,0,0,0,0,0,0,0,0,0,0,0,0,0,0,0,0,0,0,0,0,0,0,0,0,0,0,0,0,0,0,0,0,0,0,0,0,0,0,0,0,0,0,0,0,0,0,0,0,0,0,0,0,0,0,0,0,0,0,0,0,0,0,0,0,0,0,0,0,0,0,0,0,0,0,0,0,0,0,0,0,0,0,0,0,0,0,0,0,0,0,0,1,49
30,1,30,SCH-22950,,SAU#59,WINNISQUAM REGIONAL HIGH SCHOOL,435 W. MAIN ST.,TILTON,BELKNAP,NH,219060739.04,2019-06-18 00:00:00,,AG WATER MAIN  SB-247  ID# SCH-22950,LEAD,731.0,UG/L (PPB),03276,-71.603790000283,43.4429099998719,7948,551,72,13,9,351,83,8,15,7397,544,423,439,4310,1366,210,105,,,,,,,,,,,,,4099,4169,8268,7856,72,46,146,0,0,148,0,148,7399,479,22,9,0,13,0,0,457,432,0,25,0,0,6920,929,879,0,7,43,0,5991,5780,78,37,96,0,2172,119,27,27,0,92,82,8,74,10,10,0,2053,1455,1282,173,598,173,144,29,425,207,218,7948,551,295,68,68,0,227,204,160,44,23,23,0,256,149,81,68,107,7397,6227,4391,4341,50,1836,496,414,82,1340,1277,63,1170,979,801,178,191,32635,33259,32273,44766,32545,41250,26647,6903,3528,173,101,0,101,101,6614,466,222,142,142,0,80,244,118,118,0,126,6148,3024,2354,2264,0.3942,2172,18,81,53,48,123,98,80,94,84,232,267,291,236,218,193,56,NH1766030,03276,0,0,0,0,0,0,0,0,0,0,0,0,0,0,0,0,0,0,0,0,0,0,0,0,0,0,0,0,0,0,0,0,0,0,0,0,0,0,0,0,0,0,0,0,0,0,0,0,0,0,0,0,0,0,0,0,0,0,0,0,0,0,0,0,0,0,0,0,0,0,1,0,0,0,0,0,0,0,0,0,0,0,0,0,0,0,0,0,0,0,0,0,0,0,0,0,0,0,0,0,0,0,0,0,0,0,0,0,0,0,0,0,0,0,0,0,0,0,0,0,0,0,0,0,0,0,0,0,0,0,0,0,0,0,0,0,0,0,0,0,0,0,0,0,0,0,0,0,0,0,0,0,0,33
31,1,31,ALT-21990,,SAU#43,TOWLE ELEMENTARYSCHOOL,86 N MAIN ST,NEWPORT,SULLIVAN,NH,119042669.04,2019-04-24 00:00:00,5/1/2019 12:30:00 PM,SINK AT BOTTOM OF THE STAIRS NEAR ROOM 2  SB-247  ID# SCH-21990,LEAD,702.0,UG/L (PPB),03773,-72.1758900004372,43.3675900001318,7721,870,44,89,71,549,115,0,2,6851,316,335,512,3803,1402,308,175,,,,,,,,,,,,,3859,3999,7858,7492,25,98,27,0,9,207,1,206,7413,826,160,160,0,0,0,0,666,666,0,0,0,0,6587,899,898,1,0,0,0,5688,5592,11,72,0,13,1955,165,18,13,5,147,12,12,0,135,39,96,1790,1282,1133,149,508,134,118,16,374,187,187,7721,870,613,36,36,0,577,73,38,35,504,449,55,257,166,150,16,91,6851,5540,3800,3758,42,1740,360,330,30,1380,1081,299,1311,1056,795,261,255,31395,45833,48611,-666666666,30306,36949,25812,6675,3395,312,57,0,57,46,6567,701,289,48,34,14,241,412,202,167,35,210,5866,3056,1987,1905,0.4285,1955,114,0,51,34,123,84,74,57,78,260,180,391,104,163,182,60,NH1747010,03773,0,0,0,0,0,0,0,0,0,0,0,0,0,0,0,0,0,0,0,0,0,0,0,0,0,0,0,0,0,0,0,0,0,0,0,0,0,0,0,0,0,0,0,0,0,0,0,0,0,0,0,0,0,0,0,0,0,0,0,0,0,0,0,0,0,0,0,0,0,0,0,0,0,0,0,0,0,0,0,0,0,0,0,0,0,0,0,0,0,0,0,0,0,0,0,0,0,0,0,0,0,0,0,0,0,0,0,0,0,0,0,0,0,0,0,0,0,0,0,0,0,0,0,0,0,0,0,0,0,0,0,0,0,0,1,0,0,0,0,0,0,0,0,0,0,0,0,0,0,0,0,0,0,190
93,1,93,SCH-21960,,SAU#99,CROYDON VILLAGE SCHOOL,889 NH RT. 10,CROYDON,SULLIVAN,NH,119120251.03,2019-12-03 00:00:00,12/1/2019 7:27:00 AM,KITCHEN SINK,LEAD,3.0,UG/L (PPB),03773,-72.1590872034906,43.4538397473227,7721,870,44,89,71,549,115,0,2,6851,316,335,512,3803,1402,308,175,,,,,,,,,,,,,3859,3999,7858,7492,25,98,27,0,9,207,1,206,7413,826,160,160,0,0,0,0,666,666,0,0,0,0,6587,899,898,1,0,0,0,5688,5592,11,72,0,13,1955,165,18,13,5,147,12,12,0,135,39,96,1790,1282,1133,149,508,134,118,16,374,187,187,7721,870,613,36,36,0,577,73,38,35,504,449,55,257,166,150,16,91,6851,5540,3800,3758,42,1740,360,330,30,1380,1081,299,1311,1056,795,261,255,31395,45833,48611,-666666666,30306,36949,25812,6675,3395,312,57,0,57,46,6567,701,289,48,34,14,241,412,202,167,35,210,5866,3056,1987,1905,0.4285,1955,114,0,51,34,123,84,74,57,78,260,180,391,104,163,182,60,NH1747010,03773,0,0,0,0,0,0,0,0,0,0,0,0,0,0,0,0,0,0,0,0,0,0,0,0,0,0,0,0,0,0,0,0,0,0,0,0,0,0,0,0,0,0,0,0,0,0,0,0,0,0,0,0,0,0,0,0,0,0,0,0,0,0,0,0,0,0,0,0,0,0,0,0,0,0,0,0,0,0,0,0,0,0,0,0,0,0,0,0,0,0,0,0,0,0,0,0,0,0,0,0,0,0,0,0,0,0,0,0,0,0,0,0,0,0,0,0,0,0,0,0,0,0,0,0,0,0,0,0,0,0,0,0,0,0,1,0,0,0,0,0,0,0,0,0,0,0,0,0,0,0,0,0,0,190
32,1,32,SCH-21445,,SAU#84,LITTLETON HIGH SCHOOL,159 OAK HILL AVE.,LITTLETON,GRAFTON,NH,192464.01,2019-02-27 00:00:00,3/1/2019 8:30:00 AM,1 1ST RH LS,LEAD,660.0,UG/L (PPB),03561,-71.773159999783,44.3105399997473,5920,1194,130,117,159,536,96,105,51,4726,282,159,124,2530,1259,206,166,,,,,,,,,,,,,3162,2758,5920,5729,0,75,46,0,0,70,29,41,5578,1134,346,346,0,0,0,0,788,764,0,24,0,0,4444,283,265,0,18,0,0,4161,3950,0,211,0,0,1510,173,0,0,0,173,0,0,0,173,38,135,1337,922,760,162,415,206,45,161,209,139,70,5920,1194,758,23,0,23,735,89,0,89,646,612,34,436,357,321,36,79,4726,3626,2356,2356,0,1270,532,532,0,738,668,70,1100,1027,979,48,73,27425,33553,33553,-666666666,26923,35566,23228,5012,2190,43,20,0,20,20,5012,788,241,60,60,0,181,547,288,199,89,259,4224,1949,1426,1426,0.4829,1510,38,92,141,41,19,126,132,34,60,167,134,109,259,72,59,27,NH1388030,03561,0,0,0,0,0,0,0,0,0,0,0,0,0,0,0,0,0,0,0,0,0,0,0,0,0,0,0,0,0,0,0,0,0,0,0,0,0,0,0,0,0,0,0,0,0,0,0,0,0,0,0,0,0,0,0,0,0,0,0,0,0,0,0,0,0,0,0,0,0,0,0,0,0,0,0,0,0,0,0,0,0,0,0,0,0,0,0,0,0,0,0,0,0,0,0,0,0,0,0,0,0,0,0,0,0,0,0,0,0,0,0,0,0,0,0,0,0,0,0,0,0,0,0,0,0,0,0,0,0,0,0,0,0,0,0,0,0,0,0,0,0,0,0,0,0,0,0,0,0,0,0,0,2,150
33,1,33,SCH-21745,,SAU#39,AMHERST MIDDLE SCHOOL,CROSS RD.,AMHERST,HILLSBOROUGH,NH,19050077-002,2019-05-06 00:00:00,5/1/2019 2:04:00 PM,AMS RM 30 FAUCET,LEAD,659.0,UG/L (PPB),03031,-71.5772600001999,42.8227600002165,11401,212,20,16,16,138,6,0,16,11189,843,775,978,5594,2319,514,166,,,,,,,,,,,,,5886,5589,11475,10877,35,0,304,0,25,234,26,208,10683,192,32,16,16,0,0,0,160,127,33,0,0,0,10491,1898,1840,10,26,22,0,8593,8070,127,223,163,10,3416,30,18,0,18,12,0,0,0,12,5,7,3386,3046,2951,95,340,130,117,13,210,153,57,11401,212,127,89,69,20,38,13,0,13,25,25,0,85,22,22,0,63,11189,10318,9305,9273,32,1013,419,391,28,594,594,0,871,761,607,154,110,57206,75446,78464,-666666666,55148,86108,33096,9139,4523,272,109,0,109,82,9139,176,41,34,34,0,7,135,14,14,0,121,8963,4482,3315,3203,0.4016,3416,5,0,35,54,32,85,17,0,59,125,173,271,388,380,830,962,NH0078110,03031,0,0,0,0,0,0,0,0,0,0,0,0,0,0,0,0,0,0,0,0,0,0,0,0,0,0,0,0,0,0,0,0,0,0,0,0,0,0,0,0,0,0,0,0,0,0,0,0,0,0,0,0,0,0,0,0,0,0,0,0,0,0,0,0,0,0,0,0,0,0,0,0,0,0,0,0,0,0,0,0,0,0,0,0,0,0,0,0,0,0,0,0,0,0,0,0,0,0,0,0,0,0,0,0,0,0,0,0,0,0,0,0,0,0,0,0,0,0,0,0,0,0,0,0,0,0,0,0,0,0,0,0,0,0,0,0,0,0,0,0,0,0,0,0,0,0,0,0,0,0,0,0,1,100
34,1,34,SCH-20105,,SAU#4,NEW HAMPTON COMMUNITY SCHOOL,191 MAIN ST.,NEW HAMPTON,BELKNAP,NH,119120160.14,2019-12-03 00:00:00,,NURSES OFFICE DRINKING FOUNTAIN,191 MAIN STREET,,"NH  SB-247  ID# SCH-20105""",03256,-71.6423799998365,43.6041299997698,2272,197,6,0,36,101,49,5,0,2075,104,102,95,1013,555,165,41,,,,,,,,,,,,,1197,1075,2272,2128,40,0,41,0,0,63,4,59,2184,191,36,36,0,0,0,0,155,148,7,0,0,0,1993,219,219,0,0,0,0,1774,1698,0,45,31,0,664,14,9,9,0,5,0,0,0,5,0,5,650,591,552,39,59,30,5,25,29,29,0,2272,197,103,63,17,46,40,19,0,19,21,21,0,94,47,47,0,47,2075,1815,1667,1660,7,148,76,76,0,72,72,0,260,210,148,62,50,32389,27604,29271,-666666666,34052,43727,25125,1989,983,28,0,0,0,0,1978,175,97,30,30,0,67,78,16,16,0,62,1803,875,566,532,0.3949,664,0,9,44,27,0,4,30,18,40,72,106,96,102,37,63,16,NH2353040,03256,0,0,0,0,0,0,0,0,0,0,0,0,0,0,0,0,0,0,0,0,0,0,0,0,0,0,0,0,0,0,0,0,0,0,0,0,0,0,0,0,0,0,0,0,0,0,0,0,0,0,0,0,0,0,0,0,0,0,0,0,0,0,0,0,0,0,0,0,0,0,0,0,0,0,0,0,0,0,0,0,0,0,0,0,0,0,0,0,0,0,0,0,0,0,0,0,0,0,0,0,0,0,0,0,0,0,0,0,0,0,0,0,0,0,0,0,0,1,0,0,0,0,0,0,0,0,0,0,0,0,0,0,0,0,0,0,0,0,0,0,0,0,0,0,0,0,0,0,0,0,0,0,0,90
35,1,35,SCH-20205,SCH-26500,SAU#7,PITTSBURG SCHOOL (ELEM),12 SCHOOL ST,PITTSBURG,COOS,NH,B900180036,2019-01-09 00:00:00,1/9/2019 7:05:00 AM,LIBRARY-OFFICE SINK #2,LEAD,479.7,UG/L (PPB),03592,-71.3901169837205,45.0526879938926,1064,94,0,6,0,66,9,13,0,970,16,45,21,450,382,44,12,,,,,,,,,,,,,481,583,1064,1013,0,4,0,0,0,47,0,47,1058,94,6,6,0,0,0,0,88,64,0,24,0,0,964,76,72,4,0,0,0,888,781,16,91,0,0,315,7,7,7,0,0,0,0,0,0,0,0,308,290,276,14,18,9,7,2,9,9,0,1064,94,28,28,28,0,0,0,0,0,0,0,0,66,57,50,7,9,970,742,684,684,0,58,24,19,5,34,34,0,228,192,150,42,36,26679,32083,33125,31667,26231,32054,22635,981,525,16,8,0,8,6,981,88,39,28,28,0,11,49,0,0,0,49,893,486,217,215,0.4141,315,0,2,0,13,27,8,15,35,9,49,51,34,27,17,20,8,NH1908180,03592,0,0,0,0,0,0,0,0,0,0,0,0,0,0,0,0,0,0,0,0,0,0,0,0,0,0,0,0,0,0,0,0,0,0,0,0,0,0,0,0,0,0,0,0,0,0,0,0,0,0,0,0,0,0,0,0,0,0,0,0,0,0,0,0,0,0,0,0,0,0,0,0,0,0,0,0,0,0,0,0,0,0,0,0,0,0,0,0,0,0,0,0,0,0,0,0,0,0,0,0,0,0,0,0,0,0,0,0,0,0,0,0,0,0,0,0,0,0,0,0,0,0,0,0,0,0,0,0,0,0,0,0,0,0,0,0,1,0,0,0,0,0,0,0,0,0,0,0,0,0,0,0,1,27
36,1,36,SCH-22615,CB-06466,SAU#53,PEMBROKE HILL SCHOOL,300 BELANGER DR.,PEMBROKE,MERRIMACK,NH,193075.04,2019-03-18 00:00:00,4/1/2019 7:12:00 AM,51 NURSE FAUCET - AFTER,LEAD,470.0,UG/L (PPB),03275,-71.4611600000301,43.1599099998232,11400,768,10,47,93,450,138,29,1,10632,644,664,710,6145,1804,470,195,,,,,,,,,,,,,5861,5716,11577,11061,50,1,68,15,9,373,0,373,10864,764,146,146,0,0,0,0,618,599,0,19,0,0,10100,1486,1476,0,10,0,0,8614,8159,50,380,25,0,3136,208,137,83,54,71,0,0,0,71,32,39,2928,2179,2018,161,749,232,201,31,517,350,167,11400,768,598,355,334,21,243,11,0,11,232,171,61,170,83,57,26,87,10632,9022,6850,6801,49,2172,660,562,98,1512,1388,124,1610,1259,935,324,351,36539,50184,50307,-666666666,36073,40000,29896,9487,4789,290,148,0,148,142,9460,696,264,33,22,11,231,432,72,61,11,360,8764,4498,3441,3359,0.4216,3136,131,66,15,126,67,142,80,98,113,202,253,713,282,354,364,130,NH1227010,03275,0,0,0,0,0,0,0,0,0,0,0,0,0,0,0,0,0,0,0,0,0,0,0,0,0,0,0,0,0,0,0,0,0,0,0,0,0,0,0,0,0,0,0,0,0,0,0,0,0,0,0,0,0,0,0,0,0,0,0,0,0,0,0,0,0,0,0,0,0,0,0,0,0,0,0,0,0,0,0,0,0,0,0,0,0,0,0,0,0,0,0,0,0,0,0,0,0,0,0,0,0,0,0,0,0,0,0,0,0,0,0,0,0,0,0,0,0,0,0,0,0,0,0,0,0,0,0,0,0,0,0,0,0,0,0,0,0,0,0,0,0,0,0,0,0,0,0,0,0,0,0,0,1,200
37,1,37,SCH-27995,SCH-20810,SAU#21,SEABROOK MIDDLE SCHOOL,236 WALTON RD.,SEABROOK,ROCKINGHAM,NH,46208-006,2018-10-05 00:00:00,10/1/2018 6:30:00 AM,FOUNTAIN 664,LEAD,450.0,UG/L (PPB),03874,-70.849199999903,42.8806999999393,8901,433,28,63,7,206,82,36,11,8468,245,555,400,4198,2175,729,166,,,,,,,,,,,,,4562,4363,8925,8562,111,0,111,0,0,141,31,110,8668,405,70,70,0,0,0,0,335,324,0,0,11,0,8263,995,966,0,29,0,0,7268,6984,14,270,0,0,2495,73,0,0,0,73,25,16,9,48,0,48,2422,1868,1318,550,554,180,180,0,374,265,109,8901,433,226,23,0,23,203,51,51,0,152,130,22,207,159,159,0,48,8468,7010,5137,5093,44,1873,599,531,68,1274,1132,142,1458,1223,974,249,235,33009,42577,44442,22457,32283,39326,26698,7691,3769,179,132,0,132,132,7681,335,147,47,47,0,100,188,71,71,0,117,7346,3612,2602,2405,0.4475,2495,28,13,75,36,0,96,148,84,79,196,314,390,412,230,228,166,NH2169010,03874,0,0,0,0,0,0,0,0,0,0,0,0,0,0,0,0,0,0,0,0,0,0,0,0,0,0,0,0,0,0,0,0,0,0,0,0,0,0,0,0,0,0,0,0,0,0,0,0,0,0,0,0,0,0,0,0,0,0,0,0,0,0,0,0,0,0,0,0,0,0,0,0,0,0,0,0,0,0,0,0,0,0,0,0,0,0,0,0,0,0,0,0,0,0,0,0,0,0,0,0,0,0,0,0,0,0,0,0,0,0,0,0,0,0,0,0,0,0,0,0,0,0,0,0,0,0,0,0,0,0,0,0,0,0,0,0,0,0,0,0,0,0,0,0,0,0,0,0,0,0,0,2,0,25
40,1,40,SCH-20580,,SAU#16,PHILLIPS EXETER ACADEMY,20 MAIN ST.,EXETER,ROCKINGHAM,NH,47730-016,2019-03-05 00:00:00,6/1/2019 10:19:00 AM,CILLEYHALLSUITE008RESTRMSINK,LEAD,410.0,UG/L (PPB),03833,-70.9508999997801,42.9799600001648,21633,1017,19,20,74,508,220,80,96,20616,1244,1402,1674,10722,3420,1418,736,,,,,,,,,,,,,11555,10561,22116,21007,278,0,459,0,62,310,11,299,20564,1017,113,113,0,0,0,0,904,867,19,18,0,0,19547,3251,3089,33,84,45,0,16296,15414,185,479,198,20,5796,91,33,33,0,58,0,0,0,58,30,28,5705,4832,4391,441,873,273,169,104,600,455,145,21633,1017,308,66,66,0,242,23,0,23,219,195,24,709,459,350,109,250,20616,17145,14576,14511,65,2569,789,713,76,1780,1630,150,3471,2714,2144,570,757,43385,54044,54596,45179,42093,57012,31671,18235,8525,402,232,0,232,219,17754,917,325,88,57,31,237,592,216,193,23,376,16837,7862,6052,5842,0.4666,5796,33,18,47,90,55,132,55,134,83,409,548,836,637,505,766,1448,NH0775020,03833,0,0,0,0,0,0,0,1,0,0,0,0,0,0,0,0,0,0,0,0,0,0,0,0,0,0,0,0,0,0,0,0,0,0,0,0,0,0,0,0,0,0,0,0,0,0,0,0,0,0,0,0,0,0,0,0,0,0,0,0,0,0,0,0,0,0,0,0,0,0,0,0,0,0,0,0,0,0,0,0,0,0,0,0,0,0,0,0,0,0,0,0,0,0,0,0,0,0,0,0,0,0,0,0,0,0,0,0,0,0,0,0,0,0,0,0,0,0,0,0,0,0,0,0,0,0,0,0,0,0,0,0,0,0,0,0,0,0,0,0,0,0,0,0,0,0,0,0,0,0,0,0,0,25
42,1,42,SCH-20955,,SAU#34,HILLSBORO-DEERING ELEMENTARY SCHOOL,4 HILLCAT DR.,HILLSBOROUGH,HILLSBOROUGH,NH,B810312002,2018-12-22 00:00:00,12/22/2018 10:25:00 AM,ROOM 127 SINK,LEAD,358.7,UG/L (PPB),03244,-71.9036600002455,43.1179199997834,7585,499,59,13,13,221,111,82,0,7086,334,532,602,3871,1425,225,97,,,,,,,,,,,,,3607,4045,7652,7219,38,0,6,0,0,389,0,389,7284,466,52,52,0,0,0,0,414,398,0,16,0,0,6818,1200,1198,2,0,0,0,5618,5535,8,59,16,0,2221,124,25,25,0,99,59,59,0,40,3,37,2097,1752,1642,110,345,121,121,0,224,175,49,7585,499,350,85,67,18,265,127,127,0,138,108,30,149,83,67,16,66,7086,6058,5100,5030,70,958,311,251,60,647,624,23,1028,757,546,211,271,37466,39816,39713,48021,36094,55705,27332,6293,3251,189,123,0,123,86,6259,417,256,40,36,4,216,161,39,39,0,122,5842,2995,2136,2061,0.3816,2221,36,78,62,31,98,74,79,137,50,90,269,518,240,195,156,108,NH0605010,03244,0,0,0,0,0,0,0,0,0,0,0,0,0,0,0,0,0,0,0,0,0,0,0,0,0,0,0,0,0,0,0,0,0,0,0,0,0,0,0,0,0,0,0,0,0,0,0,0,0,0,0,0,0,0,0,0,0,0,0,0,0,0,0,0,0,0,0,0,0,0,0,0,0,0,0,0,0,0,0,0,0,0,0,0,0,0,0,0,0,0,0,0,0,0,0,0,0,0,0,0,0,0,0,0,0,0,0,0,0,0,0,0,0,0,0,0,0,0,0,0,0,0,0,0,0,0,0,0,0,0,0,0,0,0,0,0,0,0,0,0,0,0,0,0,0,0,0,0,0,0,0,0,0,25
43,1,43,SCH-22400,,SAU#49,NEW DURHAM ELEMENTARY SCHOOL,7 OLD BAY RD.,NEW DURHAM,STRAFFORD,NH,119042545.31,2019-04-23 00:00:00,,KITCHEN STEAMER,LEAD,313.0,UG/L (PPB),03855,-71.161819999797,43.4334099998762,2680,173,0,15,47,105,6,0,0,2507,140,153,225,1364,527,86,12,,,,,,,,,,,,,1378,1319,2697,2605,0,25,0,0,0,67,0,67,2595,173,62,62,0,0,0,0,111,111,0,0,0,0,2422,433,433,0,0,0,0,1989,1953,0,20,0,16,749,22,12,12,0,10,0,0,0,10,10,0,727,654,628,26,73,13,13,0,60,60,0,2680,173,77,40,40,0,37,8,0,8,29,22,7,96,39,33,6,57,2507,2327,2086,2059,27,241,36,26,10,205,205,0,180,165,132,33,15,35258,52750,53000,-666666666,33594,46920,26574,2234,1106,101,42,0,42,42,2234,136,52,19,19,0,33,84,12,12,0,72,2098,1054,779,741,0.3796,749,16,0,10,23,11,42,21,27,13,27,93,105,131,54,111,65,NH1677020,03855,0,0,0,0,0,0,0,0,0,0,0,0,0,0,0,0,0,0,0,0,0,0,0,0,0,0,0,0,0,0,0,0,0,0,0,0,0,0,0,0,0,0,0,0,0,0,0,0,0,0,0,0,0,0,0,0,0,0,0,0,0,0,0,0,0,0,0,0,0,0,0,0,0,0,0,0,0,0,0,0,0,0,0,0,0,0,0,0,0,0,0,0,0,0,0,0,0,0,0,0,0,0,0,0,0,0,0,0,0,0,0,0,0,0,0,0,0,0,0,0,0,0,0,0,0,0,0,0,0,0,0,0,0,0,0,0,0,0,0,0,0,0,0,0,0,0,0,0,0,0,0,0,1,50
44,1,44,SCH-21810,,SAU#41,HOLLIS-BROOKLINE HIGH SCHOOL,24 CAVALIER CT.,HOLLIS,HILLSBOROUGH,NH,1905-00101-090,2019-04-23 00:00:00,6/1/2019 7:34:00 AM,99-SINK 8/LAB 371 (LTR-STANDING IN DOOR),LEAD,303.0,UG/L (PPB),03049,-71.5939600002336,42.7338899999559,7917,145,0,0,0,40,68,37,0,7772,295,542,882,4074,1493,381,105,,,,,,,,,,,,,3709,4209,7918,7253,60,14,183,0,51,357,0,357,7637,145,0,0,0,0,0,0,145,126,1,18,0,0,7492,1439,1368,13,49,9,0,6053,5782,63,118,65,25,2399,17,17,17,0,0,0,0,0,0,0,0,2382,2157,2119,38,225,32,32,0,193,160,33,7917,145,34,34,34,0,0,0,0,0,0,0,0,111,56,56,0,55,7772,7189,6557,6557,0,632,102,83,19,530,485,45,583,513,411,102,70,54513,68684,69079,-666666666,53990,81341,35211,6558,3445,307,67,0,67,67,6558,145,52,2,2,0,50,93,0,0,0,93,6413,3393,2422,2371,0.4118,2399,17,0,0,0,52,14,19,73,32,133,99,128,276,340,447,769,NH1178010,03049,0,0,0,0,0,0,0,0,0,0,0,0,0,0,0,0,0,0,0,0,0,0,0,0,0,0,0,0,0,0,0,0,0,0,0,0,0,0,0,0,0,0,0,0,0,0,0,0,0,0,0,0,0,0,0,0,0,0,0,0,0,0,0,0,0,0,0,0,0,0,0,0,0,0,0,0,0,0,0,0,0,0,0,0,0,0,0,0,0,0,0,0,0,0,0,0,0,0,0,0,0,0,0,0,0,0,0,0,0,0,0,0,0,0,0,0,0,0,0,0,0,0,0,0,0,0,0,0,0,0,0,0,0,0,0,0,0,0,0,0,0,0,0,0,0,0,0,0,0,0,0,0,2,36
47,1,47,SCH-21760,,SAU#40,MILFORD MIDDLE SCHOOL,33 OSGOOD RD.,MILFORD,HILLSBOROUGH,NH,18120235-106,2018-12-29 00:00:00,3/1/2019 8:19:00 AM,KITCHEN SINK F,LEAD,223.0,UG/L (PPB),03055,-71.6576799997544,42.8251800001272,15423,676,67,54,26,352,102,25,50,14747,992,1044,1342,8407,2161,634,167,,,,,,,,,,,,,8269,7363,15632,14718,263,12,360,0,65,214,13,201,14587,622,93,80,0,13,0,0,529,464,0,27,38,0,13965,2596,2465,0,53,0,78,11369,10588,204,252,212,113,4092,80,19,19,0,61,0,0,0,61,21,40,4012,3090,2494,596,922,275,175,100,647,295,352,15423,676,291,58,39,19,233,11,0,11,222,222,0,385,259,229,30,126,14747,12347,9667,9667,0,2680,834,763,71,1846,1740,106,2400,1937,1432,505,463,38593,54663,55000,-666666666,38283,48734,31131,12544,6014,530,297,0,297,267,12366,538,196,95,70,25,101,342,115,115,0,227,11828,5750,4592,4394,0.3953,4092,8,31,6,97,107,147,106,81,133,297,393,600,817,368,513,388,NH1565010,03055,0,0,0,0,0,0,0,0,0,0,0,0,0,0,0,0,0,0,0,0,0,0,0,0,0,0,0,0,0,0,0,0,0,0,0,0,0,0,0,0,0,0,0,0,0,0,0,0,0,0,0,0,0,0,0,0,0,0,0,0,0,0,0,0,0,0,0,0,0,0,0,0,0,0,0,0,0,0,0,0,0,0,0,0,0,0,0,0,0,0,0,0,0,0,0,0,0,0,0,0,0,0,0,0,0,0,0,0,0,0,0,0,0,0,0,0,0,0,0,0,0,0,0,0,0,0,0,0,0,0,0,0,0,0,0,0,0,0,0,0,0,0,0,0,0,0,0,0,0,0,0,0,1,70
48,1,48,SCH-21700,CB-06659,,SAU#93,MONADNOCK REGIONAL HIGH SCHOOL,580 OLD HOMESTEAD HWY.,SWANZEY,CHESHIRE,NH,66556,1/18/2019 12:00:00 AM,2019-02-01 08:50:00,RM 104B GUIDANCE,,215.0,03431,-72.258034978238,42.9056929995268,21910,2565,68,159,129,1801,246,136,26,19345,1092,1096,1093,10839,3366,1008,851,,,,,,,,,,,,,13427,11721,25148,23442,414,31,579,23,32,627,42,585,20958,2497,288,288,0,0,0,0,2209,2177,14,17,0,1,18461,2397,2299,45,0,53,0,16064,15229,89,373,336,37,5311,263,81,29,52,182,13,0,13,169,14,155,5048,3735,3174,561,1313,423,271,152,890,467,423,21910,2565,995,286,256,30,709,126,39,87,583,464,119,1570,921,659,262,649,19345,14250,10844,10844,0,3406,1135,964,171,2271,2105,166,5095,3933,3213,720,1162,25587,40119,40451,-666666666,24294,31967,20074,21710,10109,1134,419,0,419,364,18669,2228,942,600,391,209,342,1286,579,558,21,707,16441,7995,5937,5639,0.4496,5311,95,76,185,163,111,127,202,119,267,383,829,914,526,432,415,467,NH2281010,03431,0,0,0,0,0,0,0,0,0,0,0,0,0,0,0,0,0,0,0,0,0,0,0,0,0,0,0,0,0,0,0,0,0,0,0,0,0,0,0,0,0,0,0,0,0,0,0,0,0,0,0,0,0,0,0,0,0,0,0,0,0,0,0,0,0,0,0,0,0,0,0,0,0,0,0,0,0,0,0,0,0,0,0,0,0,0,0,0,0,0,0,0,0,0,0,0,0,0,0,0,0,0,0,0,0,0,0,0,0,0,0,0,0,0,0,0,0,0,0,0,0,0,0,0,0,0,0,0,0,0,0,0,0,0,0,0,0,0,0,0,0,0,0,0,0,0,0,0,0,0,0,0,0,50
49,1,49,SCH-26995,SCH-21240,SAU#73,GILFORD MIDDLE SCHOOL,72 ALVAH WILSON RD.,GILFORD,BELKNAP,NH,119042949.12,2019-04-26 00:00:00,,MS KITCHEN HAND SINK NEAR DOOR TO SERVICE AREA   SB-247  ID# SCH-26995,LEAD,213.0,UG/L (PPB),03249,-71.4058500003515,43.5420100002857,7169,394,0,74,0,205,54,31,30,6775,369,425,530,3401,1407,548,95,,,,,,,,,,,,,3704,3465,7169,6962,0,8,50,0,0,149,27,122,6865,394,74,74,0,0,0,0,320,308,0,12,0,0,6471,1020,1020,0,0,0,0,5451,5323,10,96,22,0,2005,88,5,0,5,83,0,0,0,83,67,16,1917,1585,1544,41,332,106,103,3,226,179,47,7169,394,238,11,11,0,227,18,0,18,209,172,37,156,146,139,7,10,6775,5642,4433,4433,0,1209,404,350,54,805,714,91,1133,897,675,222,236,39577,45972,47083,-666666666,39289,55357,32191,5955,2760,169,85,0,85,70,5955,320,103,40,3,37,63,217,72,72,0,145,5635,2657,1866,1831,0.4636,2005,0,21,67,4,21,4,47,59,61,168,121,286,351,171,182,442,NH0887180,03249,0,0,0,0,0,0,0,0,0,0,0,0,0,0,0,0,0,0,0,0,0,0,0,0,0,0,0,0,0,0,0,0,0,0,0,0,0,0,0,0,0,0,0,0,0,0,0,0,0,0,0,0,0,0,0,0,0,0,0,0,0,0,0,0,0,0,0,0,0,0,0,0,0,0,0,0,0,0,0,0,0,0,0,0,0,0,0,0,0,0,0,0,0,0,0,0,0,0,0,0,0,0,0,0,0,0,0,0,0,0,0,0,0,0,0,0,0,0,0,0,0,0,0,0,0,0,0,0,0,0,0,0,0,0,0,0,0,0,0,0,0,0,0,0,0,0,0,0,0,0,0,0,1,50
50,1,50,SCH-22525,,SAU#52,NEW FRANKLIN SCHOOL,1 FRANKLIN DR.,PORTSMOUTH,ROCKINGHAM,NH,49089-018,2019-06-12 00:00:00,8/1/2019 4:52:00 AM,18-MUSIC RM,LEAD,176.0,UG/L (PPB),03801,-70.7763399998958,43.0771700002806,21525,1423,71,91,93,881,214,19,54,20102,932,982,1087,12335,3519,1051,196,,,,,,,,,,,,,11411,11077,22488,20292,551,15,1063,0,61,506,23,483,20730,1352,184,182,2,0,0,0,1168,1074,60,34,0,0,19378,2277,2085,33,132,27,0,17101,15442,224,860,451,124,5315,233,19,8,11,214,69,0,69,145,0,145,5082,4197,3292,905,885,268,123,145,617,342,275,21525,1423,626,144,84,60,482,135,135,0,347,347,0,797,565,424,141,232,20102,13932,11736,11685,51,2196,590,546,44,1606,1513,93,6170,4490,3106,1384,1680,49155,53060,54914,31466,48706,57390,40731,19487,9676,448,254,119,135,126,18412,1200,541,268,231,37,273,659,217,194,23,442,17212,8311,6582,6472,0.4475,5315,112,92,131,98,27,63,42,55,169,285,516,528,904,520,670,1103,NH1798130,03801,0,0,0,0,0,0,0,0,0,0,0,0,0,0,0,0,0,0,0,0,0,0,0,0,0,0,0,0,0,0,0,0,0,0,0,0,0,0,0,0,0,0,0,0,0,0,0,0,0,0,0,0,0,0,0,0,0,0,0,0,0,0,0,0,0,0,0,0,0,0,0,0,0,0,0,0,0,0,0,0,0,0,0,0,0,0,0,0,0,0,0,0,0,0,0,0,0,0,0,0,0,0,0,0,0,0,0,0,0,0,0,0,0,0,0,0,0,0,0,0,0,0,0,0,0,0,0,0,0,0,0,0,0,0,0,0,0,0,0,0,0,0,0,0,0,0,0,0,0,0,0,0,2,100
62,1,62,SCH-22465,,SAU#50,NEWINGTON PUBLIC SCHOOL,133 NIMBLE HILL RD.,NEWINGTON,ROCKINGHAM,NH,S04129U21,2019-04-12 00:00:00,4/1/2019 8:07:00 AM,SILL COCK (ELECTRIC/BOILER),LEAD,80.0,UG/L (PPB),03801,-70.8298000000951,43.1067800002658,21525,1423,71,91,93,881,214,19,54,20102,932,982,1087,12335,3519,1051,196,,,,,,,,,,,,,11411,11077,22488,20292,551,15,1063,0,61,506,23,483,20730,1352,184,182,2,0,0,0,1168,1074,60,34,0,0,19378,2277,2085,33,132,27,0,17101,15442,224,860,451,124,5315,233,19,8,11,214,69,0,69,145,0,145,5082,4197,3292,905,885,268,123,145,617,342,275,21525,1423,626,144,84,60,482,135,135,0,347,347,0,797,565,424,141,232,20102,13932,11736,11685,51,2196,590,546,44,1606,1513,93,6170,4490,3106,1384,1680,49155,53060,54914,31466,48706,57390,40731,19487,9676,448,254,119,135,126,18412,1200,541,268,231,37,273,659,217,194,23,442,17212,8311,6582,6472,0.4475,5315,112,92,131,98,27,63,42,55,169,285,516,528,904,520,670,1103,NH1798130,03801,0,0,0,0,0,0,0,0,0,0,0,0,0,0,0,0,0,0,0,0,0,0,0,0,0,0,0,0,0,0,0,0,0,0,0,0,0,0,0,0,0,0,0,0,0,0,0,0,0,0,0,0,0,0,0,0,0,0,0,0,0,0,0,0,0,0,0,0,0,0,0,0,0,0,0,0,0,0,0,0,0,0,0,0,0,0,0,0,0,0,0,0,0,0,0,0,0,0,0,0,0,0,0,0,0,0,0,0,0,0,0,0,0,0,0,0,0,0,0,0,0,0,0,0,0,0,0,0,0,0,0,0,0,0,0,0,0,0,0,0,0,0,0,0,0,0,0,0,0,0,0,0,2,100
52,1,52,SCH-20010,,SAU#2,ASHLAND ELEMENTARY SCHOOL,16 EDUCATION DR.,ASHLAND,GRAFTON,NH,193615.01,2019-04-03 00:00:00,4/1/2019 6:46:00 AM,101-BATHROOM (RIGHT SIDE),LEAD,150.0,UG/L (PPB),03217,-71.6348599995738,43.6972100000193,2017,399,98,43,43,168,33,5,9,1618,69,114,92,825,431,60,27,,,,,,,,,,,,,1095,922,2017,1869,18,0,0,0,12,118,0,118,1850,301,86,86,0,0,0,0,215,215,0,0,0,0,1549,206,192,0,14,0,0,1343,1338,0,5,0,0,522,85,66,7,59,19,12,0,12,7,0,7,437,339,281,58,98,16,16,0,82,11,71,2017,399,357,253,253,0,104,75,58,17,29,24,5,42,34,29,5,8,1618,1273,936,936,0,337,48,48,0,289,284,5,345,286,250,36,59,26811,28393,29464,-666666666,26667,31007,20000,1600,722,47,18,0,18,18,1600,220,100,65,65,0,35,120,65,65,0,55,1380,622,414,408,0.4312,522,30,24,49,33,21,53,5,11,22,45,52,120,10,34,13,0,NH0102010,03217,0,0,0,0,0,0,0,0,0,0,0,0,0,0,0,0,0,0,0,0,0,0,0,0,0,0,0,0,0,0,0,0,0,0,0,0,0,0,0,0,0,0,0,0,0,0,0,0,0,0,0,0,0,0,0,0,0,0,0,0,0,0,0,0,0,0,0,0,0,0,0,0,0,0,0,0,0,0,0,0,0,0,0,0,0,0,0,0,0,0,0,0,0,0,0,0,0,0,0,0,0,0,0,0,0,0,0,0,0,0,0,0,0,0,0,0,0,0,0,0,0,0,0,0,0,0,0,0,0,0,0,0,0,0,0,0,1,0,0,0,0,0,0,0,0,0,0,0,0,0,0,0,0,290
54,1,54,SCH-29216,,SAU#95,WINDHAM WOODS SCHOOL,39 ROULSTON RD,WINDHAM,ROCKINGHAM,NH,1907-03398-003,2019-07-15 00:00:00,8/1/2019 7:30:00 AM,BEARS DEN LOWER BUBBLER,LEAD,140.0,UG/L (PPB),03087,-71.2555639688508,42.8184259883696,14482,99,0,0,0,86,13,0,0,14383,1052,1392,1468,7523,2012,675,261,,,,,,,,,,,,,7373,7237,14610,13696,131,0,492,0,0,291,15,276,13538,99,0,0,0,0,0,0,99,59,0,0,40,0,13439,2968,2773,21,161,13,0,10471,9545,303,486,70,67,4228,12,0,0,0,12,0,0,0,12,12,0,4216,3748,3660,88,468,206,206,0,262,262,0,14482,99,25,0,0,0,25,0,0,0,25,25,0,74,60,40,20,14,14383,13598,12076,12076,0,1522,691,608,83,831,727,104,785,721,669,52,64,62989,70288,71250,-666666666,62818,86406,43847,11024,5576,257,74,0,74,74,10926,99,33,0,0,0,33,66,54,41,13,12,10827,5533,4257,4124,0.3731,4228,12,0,12,35,80,52,78,24,30,136,330,274,465,430,848,1422,NH1036010,03087,0,0,0,0,0,0,0,0,0,0,0,0,0,0,0,0,0,0,0,0,0,0,0,0,0,0,0,0,0,0,0,0,0,0,0,0,0,0,0,0,0,0,0,0,0,0,0,0,0,0,0,0,0,0,0,0,0,0,0,0,0,0,0,0,0,0,0,0,0,0,0,0,0,0,0,0,0,0,0,0,0,0,0,0,0,0,0,0,0,0,0,0,0,0,0,0,0,0,0,0,0,0,0,0,0,0,0,0,0,0,0,0,0,0,0,0,0,0,0,0,0,0,0,0,0,0,0,0,0,0,0,0,0,0,0,0,0,0,0,0,0,0,0,0,0,0,0,0,0,0,0,0,1,25
55,1,55,SCH-28215,,SAU#301,PROSPECT MOUNTAIN HIGH SCHOOL,242 SUNCOOK VALLEY RD.,ALTON,BELKNAP,NH,219020682.56,2019-02-26 00:00:00,3/1/2019 9:59:00 AM,LAB TABLE #2 LEFT SINK ROOM 119,LEAD,128.0,UG/L (PPB),03809,-71.2068099998798,43.4353199997771,3524,124,0,0,17,73,34,0,0,3400,106,284,371,1613,682,302,42,,,,,,,,,,,,,1806,1718,3524,3463,0,0,30,0,14,17,0,17,3418,124,17,17,0,0,0,0,107,107,0,0,0,0,3294,655,655,0,0,0,0,2639,2639,0,0,0,0,1035,17,17,17,0,0,0,0,0,0,0,0,1018,911,841,70,107,50,50,0,57,57,0,3524,124,76,76,49,27,0,0,0,0,0,0,0,48,0,0,0,48,3400,3164,2916,2916,0,248,101,101,0,147,147,0,236,236,188,48,0,36216,45903,48088,-666666666,34638,40337,29286,2918,1401,144,90,0,90,90,2918,124,78,17,17,0,61,46,15,15,0,31,2794,1323,784,685,0.3639,1035,0,0,17,0,0,102,11,16,12,73,151,186,89,163,139,76,NH0068040,03809,0,0,0,0,0,0,0,0,0,0,0,0,0,0,0,0,0,0,0,0,0,0,0,0,0,0,0,0,0,0,0,0,0,0,0,0,0,0,0,0,0,0,0,0,0,0,0,0,0,0,0,0,0,0,0,0,0,0,0,0,0,0,0,0,0,0,0,0,0,0,0,0,0,0,0,0,0,0,0,0,0,0,0,0,0,0,0,0,0,0,0,0,0,0,0,0,0,0,0,0,0,0,0,0,0,0,0,0,0,0,0,0,0,0,0,0,0,0,0,0,0,0,0,0,0,0,0,0,0,0,0,0,0,0,0,0,0,0,0,0,0,0,0,0,0,0,0,0,0,0,0,0,2,33
87,1,87,SCH-22480,,SAU#72,ALTON CENTRAL SCHOOL (ELEM),41 SCHOOL ST.,ALTON,BELKNAP,NH,191337.03,2019-01-15 00:00:00,2/1/2019 7:10:00 AM,3 ROOM 139 BUBBLER,LEAD,9.2,UG/L (PPB),03809,-71.2219399999184,43.4537599997372,3524,124,0,0,17,73,34,0,0,3400,106,284,371,1613,682,302,42,,,,,,,,,,,,,1806,1718,3524,3463,0,0,30,0,14,17,0,17,3418,124,17,17,0,0,0,0,107,107,0,0,0,0,3294,655,655,0,0,0,0,2639,2639,0,0,0,0,1035,17,17,17,0,0,0,0,0,0,0,0,1018,911,841,70,107,50,50,0,57,57,0,3524,124,76,76,49,27,0,0,0,0,0,0,0,48,0,0,0,48,3400,3164,2916,2916,0,248,101,101,0,147,147,0,236,236,188,48,0,36216,45903,48088,-666666666,34638,40337,29286,2918,1401,144,90,0,90,90,2918,124,78,17,17,0,61,46,15,15,0,31,2794,1323,784,685,0.3639,1035,0,0,17,0,0,102,11,16,12,73,151,186,89,163,139,76,NH0068040,03809,0,0,0,0,0,0,0,0,0,0,0,0,0,0,0,0,0,0,0,0,0,0,0,0,0,0,0,0,0,0,0,0,0,0,0,0,0,0,0,0,0,0,0,0,0,0,0,0,0,0,0,0,0,0,0,0,0,0,0,0,0,0,0,0,0,0,0,0,0,0,0,0,0,0,0,0,0,0,0,0,0,0,0,0,0,0,0,0,0,0,0,0,0,0,0,0,0,0,0,0,0,0,0,0,0,0,0,0,0,0,0,0,0,0,0,0,0,0,0,0,0,0,0,0,0,0,0,0,0,0,0,0,0,0,0,0,0,0,0,0,0,0,0,0,0,0,0,0,0,0,0,0,2,33
58,1,58,SCH-20280,,SAU#8,ST. PAUL'S SCHOOL,325 PLEASANT ST.,CONCORD,MERRIMACK,NH,185992.01,2018-08-30 00:00:00,10/1/2018 6:40:00 AM,KITCHEN SOUP KETTLE,LEAD,100.0,UG/L (PPB),03301,-71.573079999944,43.1969700000982,30478,3179,266,187,103,2107,421,70,25,27299,1641,1707,1879,15262,4462,1455,893,,,,,,,,,,,,,16359,16803,33162,28761,1150,191,1874,0,341,845,30,815,28992,2999,376,241,0,135,0,0,2623,2205,2,343,11,62,25993,3921,3470,50,177,89,135,22072,19658,298,1051,747,318,7626,558,121,45,76,437,15,0,15,422,59,363,7068,5645,4247,1398,1423,375,174,201,1048,447,601,30478,3179,1650,397,373,24,1253,208,30,178,1045,1015,30,1529,977,874,103,552,27299,21201,17010,16955,55,4191,1127,967,160,3064,2907,157,6098,4803,3734,1069,1295,34268,46486,47917,33211,33299,40991,28933,28005,13927,732,284,0,284,251,25394,2657,980,441,332,109,539,1677,773,621,152,904,22737,10850,8355,8113,0.4651,7626,255,179,71,171,263,160,157,255,203,449,638,1437,1075,551,942,820,NH2197040,03301,0,0,0,0,0,0,0,0,0,0,0,0,0,0,0,0,0,0,0,0,0,0,0,0,0,0,0,0,0,0,0,0,0,0,0,0,0,0,0,0,0,0,0,0,0,0,0,0,0,0,0,0,0,0,0,0,0,0,0,0,0,0,0,0,0,0,0,0,0,0,0,0,0,0,0,0,0,0,0,0,0,0,0,0,0,0,0,0,0,0,0,0,0,0,0,0,0,0,0,0,0,0,0,0,0,0,0,0,0,0,0,0,0,0,0,0,0,0,0,0,0,0,0,0,0,0,0,0,0,0,0,0,0,0,0,0,0,0,0,0,0,0,0,0,0,0,0,0,0,0,0,0,2,25
59,1,59,SCH-26380,,SAU#24,JOHN STARK REGIONAL HIGH SCHOOL,618 N. STARK HWY.,WEARE,HILLSBOROUGH,NH,190113.11,2018-12-09 00:00:00,1/1/2019 5:49:00 PM,L11 - PREP SINK KITC,LEAD,97.0,UG/L (PPB),03281,-71.7609799997638,43.1277900001725,9031,563,19,33,33,359,119,0,0,8468,487,796,759,4978,1114,241,93,,,,,,,,,,,,,4742,4289,9031,8717,18,0,54,0,95,147,0,147,8573,544,66,49,0,17,0,0,478,478,0,0,0,0,8029,1603,1486,54,63,0,0,6426,6312,35,79,0,0,2481,90,34,34,0,56,0,0,0,56,40,16,2391,1973,1951,22,418,156,138,18,262,207,55,9031,563,405,164,164,0,241,0,0,0,241,224,17,158,84,31,53,74,8468,7741,6294,6294,0,1447,455,443,12,992,992,0,727,564,390,174,163,41470,42639,51518,26198,41458,45556,37156,7234,3501,331,167,0,167,167,7205,494,213,125,125,0,88,281,40,40,0,241,6711,3259,2580,2539,0.3522,2481,16,16,0,98,0,0,16,67,93,93,206,521,457,303,352,243,NH1445010,03281,0,0,0,0,0,0,0,0,0,0,0,0,0,0,0,0,0,0,0,0,0,0,0,0,0,0,0,0,0,0,0,0,0,0,0,0,0,0,0,0,0,0,0,0,0,0,0,0,0,0,0,0,0,0,0,0,0,0,0,0,0,0,0,0,0,0,0,0,0,0,0,0,0,0,0,0,0,0,0,0,0,0,0,0,0,0,0,0,0,0,0,0,0,0,0,0,0,0,0,0,0,0,0,0,0,0,0,0,0,0,0,0,0,0,0,0,0,0,0,0,0,0,0,0,0,0,0,0,0,0,0,0,0,0,0,0,1,0,0,0,0,0,0,0,0,0,0,0,0,0,0,0,0,74
60,1,60,SCH-26820,,SAU#19,MOUNTAIN VIEW MIDDLE SCHOOL,41 LAUREN LN.,GOFFSTOWN,HILLSBOROUGH,NH,1902-02018-002,2019-02-25 00:00:00,3/1/2019 7:48:00 AM,COOKING VESSEL RIGHT (FOOD PREP),LEAD,94.6,UG/L (PPB),03045,-71.551629999742,43.0274600000766,12880,823,0,59,158,484,65,42,15,12057,943,642,1002,6769,2102,492,107,,,,,,,,,,,,,7095,6526,13621,13273,39,5,83,0,94,127,6,121,12034,823,217,217,0,0,0,0,606,523,30,53,0,0,11211,1741,1621,43,61,16,0,9470,8830,63,499,59,19,3536,209,9,0,9,200,56,56,0,144,79,65,3327,2821,2617,204,506,206,133,73,300,186,114,12880,823,575,19,19,0,556,235,152,83,321,305,16,248,174,159,15,74,12057,10392,8732,8695,37,1660,749,654,95,911,794,117,1665,1330,960,370,335,41790,45645,44971,70590,41126,50170,31223,11213,5425,322,201,0,201,175,10462,669,251,60,41,19,191,418,62,21,41,356,9793,4928,3889,3735,0.4022,3536,159,0,58,40,57,94,30,88,97,227,328,500,434,497,534,393,NH0912050,03045,0,0,0,0,0,0,0,0,0,0,0,0,0,0,0,0,0,0,0,0,0,0,0,0,0,0,0,0,0,0,0,0,0,0,0,0,0,0,0,0,0,0,0,0,0,0,0,0,0,0,0,0,0,0,0,0,0,0,0,0,0,0,0,0,0,0,0,0,0,0,0,0,0,0,0,0,0,0,0,0,0,0,0,0,0,0,0,0,0,0,0,0,0,0,0,0,0,0,0,0,0,0,0,0,0,0,0,0,0,0,0,0,0,0,0,0,0,0,0,0,0,0,0,0,0,0,0,0,0,0,0,0,0,0,0,0,0,0,0,0,0,0,0,0,0,0,0,0,0,0,0,0,0,115
63,1,63,SCH-21390,,SAU#33,RAYMOND HIGH SCHOOL,45 HARRIMAN HILL RD.,RAYMOND,ROCKINGHAM,NH,S10128L8,2018-10-11 00:00:00,1/1/2019 6:27:00 AM,SECOND FLOOR FOUNTAIN AT BATHROOM LEFT,LEAD,69.0,UG/L (PPB),03077,-71.1798799997636,43.0484200001652,10338,779,0,77,132,485,46,39,0,9559,652,535,832,5579,1564,308,89,,,,,,,,,,,,,5213,5163,10376,10045,0,0,30,0,223,78,0,78,9764,779,209,209,0,0,0,0,570,557,0,13,0,0,8985,1445,1344,71,0,30,0,7540,7158,122,226,34,0,2803,111,15,0,15,96,0,0,0,96,0,96,2692,2148,1932,216,544,167,78,89,377,344,33,10338,779,432,56,56,0,376,37,0,37,339,265,74,347,213,153,60,134,9559,8056,6509,6487,22,1547,442,396,46,1105,1005,100,1503,1083,712,371,420,39088,48750,49625,-666666666,38552,48599,31538,8335,4050,89,76,0,76,76,8335,570,173,159,92,67,14,397,136,128,8,261,7765,3877,3116,3003,0.3581,2803,56,55,6,81,54,63,47,116,103,241,264,445,515,404,211,142,NH1972050,03077,0,0,0,0,0,0,0,0,0,0,0,0,0,0,0,0,0,0,0,0,0,0,0,0,0,0,0,0,0,0,0,0,0,0,0,0,0,0,0,0,0,0,0,0,0,0,0,0,0,0,0,0,0,0,0,0,0,0,0,0,0,0,0,0,0,0,0,0,0,0,0,0,0,0,0,0,0,0,0,0,0,0,0,0,0,0,0,0,0,0,0,0,0,0,0,0,0,0,0,0,0,0,0,0,0,0,0,0,0,0,0,0,0,0,0,0,0,0,0,0,0,0,0,0,0,0,0,0,0,0,0,0,0,0,0,0,1,0,0,0,0,0,0,0,0,0,0,0,0,0,0,0,0,38
64,1,64,SCH-20350,,SAU#13,FREEDOM ELEMENTARY SCHOOL,40 LOON LAKE RD.,FREEDOM,CARROLL,NH,119031983.13,2019-03-21 00:00:00,4/1/2019 7:51:00 AM,ROOM 114 SINK  SB-247  SCH-20350,LEAD,34.0,UG/L (PPB),03836,-71.0328600000908,43.8076899999757,1349,86,5,3,13,49,12,4,0,1263,9,57,81,418,532,109,57,,,,,,,,,,,,,687,662,1349,1332,0,0,5,0,0,12,0,12,1344,81,16,11,0,0,5,0,65,65,0,0,0,0,1263,147,144,0,3,0,0,1116,1075,0,41,0,0,437,24,24,24,0,0,0,0,0,0,0,0,413,391,370,21,22,16,11,5,6,6,0,1349,86,73,73,53,20,0,0,0,0,0,0,0,13,11,11,0,2,1263,1081,1030,1018,12,51,37,37,0,14,14,0,182,163,154,9,19,32317,43942,44519,-666666666,30493,38250,24813,1228,599,25,13,0,13,13,1228,78,36,3,3,0,33,42,0,0,0,42,1150,563,294,277,0.3569,437,19,5,5,8,8,19,26,4,9,57,45,85,76,35,5,31,NH0867020,03836,0,0,0,0,0,0,0,0,0,0,0,0,0,0,0,0,0,0,0,0,0,0,0,0,0,0,0,0,0,0,0,0,0,0,0,0,0,0,0,0,0,0,0,0,0,0,0,0,0,0,0,0,0,0,0,0,0,0,0,0,0,0,0,0,0,0,0,0,0,0,0,0,0,0,0,0,0,0,0,0,0,0,0,0,0,0,0,0,0,0,0,0,0,0,0,0,0,0,0,0,0,0,0,0,0,0,0,0,0,0,0,0,0,0,0,0,0,0,0,0,0,0,0,0,0,0,0,0,0,0,0,0,0,0,1,0,0,0,0,0,0,0,0,0,0,0,0,0,0,0,0,0,1,318
65,1,65,SCH-22850,,SAU#57,WOODBURY SCHOOL,206 MAIN ST.,SALEM,ROCKINGHAM,NH,1905-03700-001,2019-05-30 00:00:00,7/1/2019 7:10:00 AM,1-ROOM 134 LEFT RETEST,LEAD,30.4,UG/L (PPB),03079,-71.2157600003954,42.7836399997879,29031,1343,213,23,62,641,230,89,85,27688,1548,1588,1605,16001,4892,1332,722,,,,,,,,,,,,,14410,14824,29234,26704,263,14,1078,0,447,728,96,632,27558,1177,132,86,0,0,46,0,1045,778,137,42,56,32,26381,3434,3264,117,0,31,22,22947,20131,1228,631,576,381,7872,290,132,27,105,158,0,0,0,158,61,97,7582,6326,5634,692,1256,377,292,85,879,618,261,29031,1343,829,425,380,45,404,10,0,10,394,367,27,514,439,419,20,75,27688,23967,19949,19920,29,4018,1149,982,167,2869,2695,174,3721,3225,2728,497,496,41190,48190,50387,39295,40860,51813,31160,24702,12338,792,469,0,469,383,24558,1045,432,175,167,8,257,613,209,119,90,404,23513,11861,9233,8849,0.4366,7872,78,68,131,114,61,113,260,183,252,339,673,1152,842,1123,1106,1377,NH0076070,03079,0,0,0,0,0,0,0,0,0,0,0,0,0,0,0,0,0,0,0,0,0,0,0,0,0,0,0,0,0,0,0,0,0,0,0,0,0,0,0,0,0,0,0,0,0,0,0,0,0,0,0,0,0,0,0,0,0,0,0,0,0,0,0,0,0,0,0,0,0,0,0,0,0,0,0,0,0,0,0,0,0,0,0,0,0,0,0,0,0,0,0,0,0,0,0,0,0,0,0,0,0,0,0,0,0,0,0,0,0,0,0,0,0,0,0,0,0,0,0,0,0,0,0,0,0,0,0,0,0,0,0,0,0,0,0,0,0,0,0,0,0,0,0,0,0,0,0,0,0,0,0,0,1,45
66,1,66,SCH-22110,,SAU#101,PAUL ELEMENTARY SCHOOL,60 TAYLOR WAY,WAKEFIELD,CARROLL,NH,219051109.08,2019-05-25 00:00:00,,NURSES ROOM,LEAD,27.0,UG/L (PPB),03872,-71.0369810331348,43.5529690017223,3621,39,0,0,0,32,7,0,0,3582,184,204,176,2136,576,219,87,,,,,,,,,,,,,1746,1875,3621,3619,0,0,0,0,0,2,0,2,3444,39,0,0,0,0,0,0,39,39,0,0,0,0,3405,387,387,0,0,0,0,3018,2874,31,28,0,85,1121,11,11,11,0,0,0,0,0,0,0,0,1110,1058,962,96,52,4,4,0,48,33,15,3621,39,23,23,23,0,0,0,0,0,0,0,0,16,2,2,0,14,3582,3281,3130,3120,10,151,11,11,0,140,135,5,301,280,242,38,21,34206,38696,37935,-666666666,31970,50458,19514,3133,1628,114,35,0,35,34,3097,39,11,4,4,0,7,28,9,9,0,19,3058,1581,1204,1147,0.3147,1121,3,8,2,0,17,49,38,0,43,86,205,277,187,72,85,49,NH2398050,03872,0,0,0,0,0,0,0,0,0,0,0,0,0,0,0,0,0,0,0,0,0,0,0,0,0,0,0,0,0,0,0,0,0,0,0,0,0,0,0,0,0,0,0,0,0,0,0,0,0,0,0,0,0,0,0,0,0,0,0,0,0,0,0,0,0,0,0,0,0,0,0,0,0,0,0,0,0,0,0,0,0,0,0,0,0,0,0,0,0,0,0,0,0,0,0,0,0,0,0,0,0,0,0,0,0,0,0,0,0,0,0,0,0,0,0,0,0,0,0,0,0,0,0,0,0,0,0,0,0,0,0,0,0,0,0,0,0,0,0,0,0,0,0,0,0,0,0,0,0,0,0,0,1,59
68,1,68,SCH-20830,,SAU#70,BERNICE A. RAY SCHOOL,26 RESERVOIR RD.,HANOVER,GRAFTON,NH,1904-07155-017,2019-04-03 00:00:00,4/1/2019 6:31:00 AM,RM 502," CLASSROOM SINK BUBBLER""",,23.8,03755,-72.2652699996548,43.7190099998764,6526,652,0,0,111,540,1,0,0,5874,254,396,509,3028,1017,428,242,,,,,,,,,,,,,5407,5188,10595,8463,396,48,1148,0,53,487,25,462,6298,652,111,111,0,0,0,0,541,390,0,57,94,0,5646,931,848,8,51,24,0,4715,4015,12,388,300,0,1517,59,12,12,0,47,0,0,0,47,47,0,1458,1346,1197,149,112,27,27,0,85,48,37,6526,652,184,26,26,0,158,0,0,0,158,158,0,468,170,149,21,298,5874,4338,4017,4017,0,321,93,70,23,228,228,0,1536,932,646,286,604,27852,64688,63906,-666666666,24355,30882,22198,9565,4617,1312,233,0,233,230,5496,600,210,59,59,0,151,390,106,106,0,284,4896,2253,1626,1626,0.5434,1517,47,0,40,0,18,9,55,8,16,37,74,90,31,123,184,785,VT0021690,03755,0,0,0,0,0,0,0,0,0,0,0,0,0,0,0,0,0,0,0,0,0,0,0,0,0,0,0,0,0,0,0,0,0,0,0,0,0,0,0,0,0,0,0,0,0,0,0,0,0,0,0,0,0,0,0,0,0,0,0,0,0,0,0,0,0,0,0,0,0,0,0,0,0,0,0,0,0,0,0,0,0,0,0,0,0,0,0,0,0,0,0,0,0,0,0,0,0,0,0,0,0,0,0,0,0,0,0,0,0,0,0,0,0,0,0,0,0,0,0,0,0,0,0,0,0,0,0,0,0,0,0,0,0,0,0,0,0,0,0,0,0,0,0,0,0,0,0,0,0,0,0,0,1,25
69,1,69,SCH-20515,,SAU#14,EPPING HIGH SCHOOL,21 ACADEMY ST.,EPPING,ROCKINGHAM,NH,S04259E65,2019-04-24 00:00:00,6/1/2019 5:28:00 PM,GNR1 BATHROOM BETWEEN H123-H124,LEAD,21.0,UG/L (PPB),03042,-71.0755999997629,43.0429699997397,6966,371,61,46,0,129,97,14,24,6595,526,489,240,3813,1254,205,68,,,,,,,,,,,,,3444,3522,6966,6697,22,0,33,0,0,214,0,214,6528,325,61,46,0,15,0,0,264,264,0,0,0,0,6203,863,863,0,0,0,0,5340,5210,52,51,27,0,2034,97,48,28,20,49,0,0,0,49,14,35,1937,1661,1553,108,276,96,96,0,180,150,30,6966,371,342,152,121,31,190,0,0,0,190,171,19,29,15,0,15,14,6595,5817,4885,4885,0,932,324,253,71,608,494,114,778,631,495,136,147,40602,31027,32054,-666666666,41776,52313,33356,5666,2768,181,145,0,145,132,5652,264,113,47,13,34,66,151,35,35,0,116,5388,2641,2040,2010,0.3701,2034,53,28,27,35,47,0,0,183,60,215,134,294,238,304,295,121,NH0762050,03042,0,0,0,0,0,0,0,1,0,0,0,0,0,0,0,0,0,0,0,0,0,0,0,0,0,0,0,0,0,0,0,0,0,0,0,0,0,0,0,0,0,0,0,0,0,0,0,0,0,0,0,0,0,0,0,0,0,0,0,0,0,0,0,0,0,0,0,0,0,0,0,0,0,0,0,0,0,0,0,0,0,0,0,0,0,0,0,0,0,0,0,0,0,0,0,0,0,0,0,0,0,0,0,0,0,0,0,0,0,0,0,0,0,0,0,0,0,0,0,0,0,0,0,0,0,0,0,0,0,0,0,0,0,0,0,0,0,0,0,0,0,0,0,0,0,0,0,0,0,0,0,0,0,53
70,1,70,SCH-20750,SCH-27005,SAU#20,GORHAM HIGH SCHOOL,120 MAIN ST.,GORHAM,COOS,NH,B903235007,2019-05-22 00:00:00,6/1/2019 5:20:00 AM,HIGH SCHOOL WATER BUB MAIN OFFICE 2ND FLR,LEAD,18.6,UG/L (PPB),03581,-71.1779399998726,44.3893300000469,3028,136,0,0,7,74,25,1,29,2892,76,184,168,1324,796,268,76,,,,,,,,,,,,,1401,1653,3054,2875,13,13,28,0,0,125,0,125,2964,136,7,7,0,0,0,0,129,124,0,5,0,0,2828,364,364,0,0,0,0,2464,2132,40,263,28,1,930,18,10,10,0,8,0,0,0,8,0,8,912,781,731,50,131,62,62,0,69,37,32,3028,136,57,41,20,21,16,0,0,0,16,15,1,79,48,48,0,31,2892,2421,2095,2095,0,326,161,139,22,165,165,0,471,465,449,16,6,35021,46058,41771,56116,32976,38684,26272,2659,1400,67,6,0,6,6,2659,136,62,33,29,4,29,74,13,13,0,61,2523,1338,881,843,0.4289,930,0,18,9,29,18,17,51,92,39,67,123,121,74,141,45,86,NH2148040,03581,0,0,0,0,0,0,0,0,0,0,0,0,0,0,0,0,0,0,0,0,0,0,0,0,0,0,0,0,0,0,0,0,0,0,0,0,0,0,0,0,0,0,0,0,0,0,0,0,0,0,0,0,0,0,0,0,0,0,0,0,0,0,0,0,0,0,0,0,0,0,0,0,0,0,0,0,0,0,0,0,0,0,0,0,0,0,0,0,0,0,0,0,0,0,0,0,0,0,0,0,0,0,0,0,0,0,0,0,0,0,0,0,0,0,0,0,0,0,0,0,0,0,0,0,0,0,0,0,0,0,0,0,0,0,0,0,0,0,0,0,0,0,0,0,0,0,0,0,0,0,0,0,1,30
72,1,72,SCH-22540,,SAU#11,PORTSMOUTH CHRISTIAN ACADEMY,20 SEABORNE DR.,DOVER,STRAFFORD,NH,S04029P1,2019-04-02 00:00:00,4/1/2019 5:57:00 AM,3RD FLOOR HMO SINK,LEAD,17.0,UG/L (PPB),03820,-70.8557300001286,43.1596999999443,30516,3030,285,211,110,1973,292,93,66,27486,1877,1714,1571,16460,4092,1289,483,,,,,,,,,,,,,16598,15031,31629,28902,406,27,1289,0,60,945,86,859,28590,2745,321,272,24,0,25,0,2424,2145,72,73,134,0,25845,3521,3381,0,28,112,0,22324,20457,235,772,836,24,7446,419,99,23,76,320,84,84,0,236,91,145,7027,5656,4390,1266,1371,537,298,239,834,332,502,30516,3030,1486,384,311,73,1102,263,241,22,839,746,93,1544,908,598,310,636,27486,20516,16497,16391,106,4019,1451,1398,53,2568,2418,150,6970,5154,3628,1526,1816,37568,46557,47406,-666666666,36902,47151,31540,26072,12549,378,223,0,223,171,25204,2458,1009,590,403,187,419,1449,669,640,29,780,22746,11034,8918,8697,0.4436,7446,100,82,187,131,196,168,147,117,209,498,733,1484,947,721,963,763,NH0655030,03820,0,0,0,0,0,0,0,0,0,0,0,0,0,0,0,0,0,0,0,0,0,0,0,0,0,0,0,0,0,0,0,0,0,0,0,0,0,0,0,0,0,0,0,0,0,0,0,0,0,0,0,0,0,0,0,0,0,0,0,0,0,0,0,0,0,0,0,0,0,0,0,0,0,0,0,0,0,0,0,0,0,0,0,0,0,0,0,0,0,0,0,0,0,0,0,0,0,0,0,0,0,0,0,0,0,0,0,0,0,0,0,0,0,0,0,0,0,0,0,0,0,0,0,0,0,0,0,0,0,0,0,0,0,0,0,0,0,0,0,0,0,0,0,0,0,0,0,0,0,0,0,0,1,36
73,1,73,SCH-20630,,SAU#17,SANBORN REGIONAL MIDDLE SCHOOL,31A WEST MAIN ST.,NEWTON,ROCKINGHAM,NH,1903-00840-005,2019-02-26 00:00:00,4/1/2019 11:00:00 AM,ROOM B1 STAFF BATHROOM (9),LEAD,17.0,UG/L (PPB),03858,-71.0645599995685,42.8659199997892,4920,179,0,0,14,123,24,18,0,4741,232,275,386,2823,834,141,50,,,,,,,,,,,,,2367,2553,4920,4808,0,0,55,0,42,15,0,15,4717,179,14,14,0,0,0,0,165,135,0,9,21,0,4538,690,653,19,18,0,0,3848,3722,56,50,20,0,1358,24,17,8,9,7,0,0,0,7,7,0,1334,1081,951,130,253,145,83,62,108,88,20,4920,179,108,67,33,34,41,9,0,9,32,21,11,71,62,62,0,9,4741,4167,3436,3425,11,731,423,360,63,308,242,66,574,433,293,140,141,46997,56250,63173,-666666666,45806,52218,39184,4110,2155,174,116,0,116,116,4110,165,50,9,9,0,41,115,25,17,8,90,3945,2105,1756,1689,0.3482,1358,17,0,20,0,10,0,18,22,13,114,102,225,267,162,275,113,NH1758050,03858,0,0,0,0,0,0,0,0,0,0,0,0,0,0,0,0,0,0,0,1,0,0,0,0,0,0,0,0,0,0,0,0,0,0,0,0,0,0,0,0,0,0,0,0,0,0,0,0,0,0,0,0,0,0,0,0,0,0,0,0,0,0,0,0,0,0,0,0,0,0,0,0,0,0,0,0,0,0,0,0,0,0,0,0,0,0,0,0,0,0,0,0,0,0,0,0,0,0,0,0,0,0,0,0,0,0,0,0,0,0,0,0,0,0,0,0,0,0,0,0,0,0,0,0,0,0,0,0,0,0,0,0,0,0,0,0,0,0,0,0,0,0,0,0,0,0,0,0,0,0,0,0,0,48
74,1,74,SCH-22070,SCH-26540,SAU#64,NUTE HIGH SCHOOL,22 ELM ST.,MILTON,STRAFFORD,NH,47465-005,2019-02-04 00:00:00,2/1/2019 6:03:00 AM,N05 361,LEAD,15.0,UG/L (PPB),03851,-70.9911599997861,43.4076400002912,4057,145,0,0,12,71,18,36,8,3912,252,230,279,2118,857,157,19,,,,,,,,,,,,,1941,2139,4080,3983,1,0,12,0,0,84,0,84,3856,145,12,0,0,0,12,0,133,133,0,0,0,0,3711,560,500,0,0,0,60,3151,3088,0,22,0,41,1187,9,9,9,0,0,0,0,0,0,0,0,1178,1018,925,93,160,77,70,7,83,83,0,4057,145,42,42,17,25,0,0,0,0,0,0,0,103,80,71,9,23,3912,3495,3044,3016,28,451,221,208,13,230,230,0,417,359,295,64,58,37120,51912,52279,31364,34931,48825,29186,3365,1737,64,39,0,39,39,3365,133,43,0,0,0,43,90,34,24,10,56,3232,1694,1360,1251,0.3471,1187,0,9,0,12,7,30,27,22,92,117,162,120,267,146,149,27,NH1582010,03851,0,0,0,0,0,0,0,0,0,0,0,0,0,0,0,0,0,0,0,0,0,0,0,0,0,0,0,0,0,0,0,0,0,0,0,0,0,0,0,0,0,0,0,0,0,0,0,0,0,0,0,0,0,0,0,0,0,0,0,0,0,0,0,0,0,0,0,0,0,0,0,0,0,0,0,0,0,0,0,0,0,0,0,0,0,0,0,0,0,0,0,0,0,0,0,0,0,0,0,0,0,0,0,0,0,0,0,0,0,0,0,0,0,0,0,0,0,0,0,0,0,0,0,0,0,0,0,0,0,0,0,0,0,0,1,0,0,0,0,0,0,0,0,0,0,0,0,0,0,0,0,0,0,64
77,1,77,SCH-20160,,SAU#6,MAPLE AVENUE SCHOOL,210 MAPLE AVE.,CLAREMONT,SULLIVAN,NH,154764.01,2016-04-12 00:00:00,2/1/2020 8:06:00 AM,#1 RM 111,LEAD,13.0,UG/L (PPB),03743,-72.3703999999504,43.3649100002043,13303,2187,294,271,128,1279,180,35,0,11116,706,618,688,6029,2172,621,282,,,,,,,,,,,,,7080,6601,13681,13150,272,0,57,0,5,197,0,197,12430,1893,399,377,0,22,0,0,1494,1443,1,50,0,0,10537,1433,1349,0,16,68,0,9104,8487,72,184,128,233,3309,361,135,92,43,226,24,0,24,202,0,202,2948,2113,1695,418,835,180,112,68,655,301,354,13303,2187,1570,622,607,15,948,140,125,15,808,537,271,617,362,258,104,255,11116,8920,6078,6046,32,2842,543,459,84,2299,2058,241,2196,1737,1442,295,459,28919,35057,35767,31422,28214,34891,25142,11162,5381,176,9,0,9,9,10817,1494,712,162,148,14,550,782,230,206,24,552,9323,4527,3200,3127,0.4167,3309,132,95,85,155,192,216,44,180,238,308,232,740,324,143,170,55,NH2308060,03743,0,0,0,0,0,0,0,0,0,0,0,0,0,0,0,0,0,0,0,1,0,0,0,0,0,0,0,0,0,0,0,0,0,0,0,0,0,0,0,0,0,0,0,0,0,0,0,0,0,0,0,0,0,0,0,0,0,0,0,0,0,0,0,0,0,0,0,0,0,0,0,0,0,0,0,0,0,0,0,0,0,0,0,0,0,0,0,0,0,0,0,0,0,0,0,0,0,0,0,0,0,0,0,0,0,0,0,0,0,0,0,0,0,0,0,0,0,0,0,0,0,0,0,0,0,0,0,0,0,0,0,0,0,0,0,0,0,0,0,0,0,0,0,0,0,0,0,0,0,0,0,0,0,25
80,1,80,SCH-21110,,SAU#28,PELHAM MEMORIAL SCHOOL,59 MARSH RD.,PELHAM,HILLSBOROUGH,NH,118082475.01,2018-08-22 00:00:00,6/1/2019 9:40:00 AM,LUNCH CAFETERIA BUBBLER,LEAD,11.0,UG/L (PPB),03076,-71.328460000284,42.7271400002107,13720,244,32,16,12,91,46,47,0,13476,798,1006,1058,7642,2258,631,83,,,,,,,,,,,,,6987,6811,13798,13025,126,15,230,0,0,402,15,387,13052,220,36,36,0,0,0,0,184,168,0,16,0,0,12832,2218,2123,0,48,23,24,10614,9772,231,407,112,92,3830,61,36,28,8,25,0,0,0,25,16,9,3769,3343,3233,110,426,159,122,37,267,246,21,13720,244,196,97,97,0,99,8,0,8,91,73,18,48,48,37,11,0,13476,12291,10694,10649,45,1597,603,507,96,994,875,119,1185,954,766,188,231,47242,48971,50357,43611,47086,63025,32459,11219,5455,384,89,0,89,89,11196,184,80,13,13,0,67,104,37,37,0,67,11012,5352,4042,3891,0.3656,3830,16,8,37,22,65,59,35,65,122,152,346,579,588,327,709,700,NH1858070,03076,0,0,0,0,0,0,0,0,0,0,0,0,0,0,0,0,0,0,0,0,0,0,0,0,0,0,0,0,0,0,0,0,0,0,0,0,0,0,0,0,0,0,0,0,0,0,0,0,0,0,0,0,0,0,0,0,0,0,0,0,0,0,0,0,0,0,0,0,0,0,0,0,0,0,0,0,0,0,0,0,0,0,0,0,0,0,0,0,0,0,0,0,0,0,0,0,0,0,0,0,0,0,0,0,0,0,0,0,0,0,0,0,0,0,0,0,0,0,0,0,0,0,0,0,0,0,0,0,0,0,0,0,0,0,0,0,0,0,0,0,0,0,0,0,0,0,0,0,0,0,0,0,2,50
81,1,81,SCH-22055,,SAU#61,HENRY WILSON MEMORIAL SCHOOL,51 SCHOOL ST.,FARMINGTON,STRAFFORD,NH,119042568.12,2019-04-23 00:00:00,,ROOM 27 SINK  SB-247  ID# SCH-22055,LEAD,10.0,UG/L (PPB),03835,-71.070990000235,43.3927800000535,6877,664,49,62,144,297,94,18,0,6213,423,300,393,3559,1079,343,116,,,,,,,,,,,,,3234,3696,6930,6735,0,0,67,0,0,128,0,128,6556,664,255,222,33,0,0,0,409,391,18,0,0,0,5892,795,778,0,0,0,17,5097,4983,0,81,0,33,1798,90,22,22,0,68,0,0,0,68,23,45,1708,1406,1155,251,302,206,191,15,96,40,56,6877,664,368,89,68,21,279,0,0,0,279,279,0,296,109,93,16,187,6213,4938,4133,4113,20,805,585,475,110,220,211,9,1275,961,675,286,314,33834,49028,49028,-666666666,31712,37508,24731,5723,3035,265,171,0,171,171,5723,474,144,28,0,28,116,330,71,65,6,259,5249,2891,2134,2095,0.369,1798,73,0,26,67,86,159,23,47,49,69,122,356,419,81,188,33,NH0811010,03835,0,0,0,0,0,0,1,0,0,0,0,0,0,0,0,0,0,0,0,0,0,0,0,0,0,0,0,0,0,0,0,0,0,0,0,0,0,0,0,0,0,0,0,0,0,0,0,0,0,0,0,0,0,0,0,0,0,0,0,0,0,0,0,0,0,0,0,0,0,0,0,0,0,0,0,0,0,0,0,0,0,0,0,0,0,0,0,0,0,0,0,0,0,0,0,0,0,0,0,0,0,0,0,0,0,0,0,0,0,0,0,0,0,0,0,0,0,0,0,0,0,0,0,0,0,0,0,0,0,0,0,0,0,0,0,0,0,0,0,0,0,0,0,0,0,0,0,0,0,0,0,0,0,3250
82,1,82,SCH-20835,CB-05945,SAU#76,LYME ELEMENTARY SCHOOL,RTE. 10/MAIN ST.,LYME,GRAFTON,NH,3603-1427-1,2016-03-15 00:00:00,3/1/2019 5:48:00 PM,BRW 4/ CELONE SOURCE TAP,LEAD,10.0,UG/L (PPB),03768,-72.1602699999539,43.8103099997461,1852,55,0,0,0,34,12,7,2,1797,144,161,148,771,444,95,34,,,,,,,,,,,,,947,905,1852,1763,16,0,18,0,0,55,0,55,1727,55,0,0,0,0,0,0,55,55,0,0,0,0,1672,328,328,0,0,0,0,1344,1302,16,26,0,0,522,3,0,0,0,3,0,0,0,3,3,0,519,485,459,26,34,19,19,0,15,9,6,1852,55,33,23,0,23,10,0,0,0,10,10,0,22,22,22,0,0,1797,1609,1514,1507,7,95,49,49,0,46,46,0,188,140,124,16,48,45476,29485,41667,24583,46250,74688,35300,1436,707,33,14,0,14,14,1430,55,30,6,6,0,24,25,10,10,0,15,1375,671,440,432,0.5051,522,3,0,0,0,5,0,18,25,23,27,24,76,33,41,79,168,NH1438070,03768,0,0,0,0,0,0,0,0,0,0,0,0,0,0,0,0,0,0,0,0,0,0,0,0,0,0,0,0,0,0,0,0,0,0,0,0,0,0,0,0,0,0,0,0,0,0,0,0,0,0,0,0,0,0,0,0,0,0,0,0,0,0,0,0,0,0,0,0,0,0,0,0,0,0,0,0,0,0,0,0,0,0,0,0,0,0,0,0,0,0,0,0,0,0,0,0,0,0,0,0,0,0,0,0,0,0,0,0,0,0,0,0,0,0,0,0,0,0,0,0,0,0,0,0,0,0,0,0,0,0,0,0,0,0,0,0,0,0,0,0,0,0,0,0,0,0,0,0,0,0,0,1,1,42
84,1,84,SCH-21980,,SAU#65,KEARSARGE REG. ELEM. SCHOOL AT NEW LONDON,64 COUGAR CT,NEW LONDON,MERRIMACK,NH,1812-02552-002,2018-12-27 00:00:00,1/1/2019 12:30:00 PM,KITCHEN 3 BAY RIGHT,LEAD,9.7,UG/L (PPB),03257,-71.9847700002612,43.4158099996973,3468,128,18,0,0,34,50,0,26,3340,264,206,179,1229,814,434,214,,,,,,,,,,,,,2525,1970,4495,4350,53,0,66,0,0,26,16,10,3220,110,0,0,0,0,0,0,110,83,0,18,0,9,3110,419,419,0,0,0,0,2691,2636,13,42,0,0,998,18,0,0,0,18,0,0,0,18,0,18,980,869,789,80,111,31,31,0,80,80,0,3468,128,36,0,0,0,36,0,0,0,36,36,0,92,76,76,0,16,3340,2769,2449,2449,0,320,99,99,0,221,198,23,571,522,459,63,49,33594,61875,61477,-666666666,31351,51023,21550,3861,1687,171,109,0,109,91,2822,110,35,0,0,0,35,75,18,18,0,57,2712,1276,748,723,0.4573,998,0,18,0,16,0,16,11,9,20,53,89,120,131,138,134,243,NH1728070,03257,0,0,0,0,0,0,0,0,0,0,0,0,0,0,0,0,0,0,0,1,0,0,0,0,0,0,0,0,0,0,0,0,0,0,0,0,0,0,0,0,0,0,0,0,0,0,0,0,0,0,0,0,0,0,0,0,0,0,0,0,0,0,0,0,0,0,0,0,0,0,0,0,0,0,0,0,0,0,0,0,0,0,0,0,0,0,0,0,0,0,0,0,0,0,0,0,0,0,0,0,0,0,0,0,0,0,0,0,0,0,0,0,0,0,0,0,0,0,0,0,0,0,0,0,0,0,0,0,0,0,0,0,0,0,0,0,1,0,0,0,0,0,0,0,0,0,0,0,0,0,0,0,0,36
85,1,85,SCH-22085,CB-05296,SAU#44,NORTHWOOD ELEMENTARY SCHOOL,511 FIRST NH TPKE.,NORTHWOOD,ROCKINGHAM,NH,189841.05,2018-11-27 00:00:00,3/1/2019 9:00:00 AM,FIRE STATION,LEAD,9.7,UG/L (PPB),03261,-71.1769429741118,43.2078500059193,4335,206,8,20,40,111,27,0,0,4129,156,350,185,2442,702,204,90,,,,,,,,,,,,,2347,1988,4335,4146,51,26,21,0,25,66,11,55,4195,198,60,60,0,0,0,0,138,138,0,0,0,0,3997,559,559,0,0,0,0,3438,3350,36,26,19,7,1187,38,0,0,0,38,10,10,0,28,19,9,1149,1031,998,33,118,70,53,17,48,31,17,4335,206,110,0,0,0,110,24,20,4,86,86,0,96,62,17,45,34,4129,3611,3312,3272,40,299,156,144,12,143,122,21,518,382,275,107,136,34969,74444,76583,-666666666,32055,52557,24978,3664,1695,62,35,0,35,22,3651,138,49,32,32,0,17,89,55,51,4,34,3513,1633,1349,1309,0.3375,1187,0,0,19,19,0,29,17,36,17,88,120,217,249,162,111,103,NH1799020,03261,0,0,0,0,0,0,0,0,0,0,0,0,0,0,0,0,0,0,0,0,0,0,0,0,0,0,0,0,0,0,0,0,0,0,0,0,0,0,0,0,0,0,0,0,0,0,0,0,0,0,0,0,0,0,0,0,0,0,0,0,0,0,0,0,0,0,0,0,0,0,0,0,0,0,0,0,0,0,0,0,0,0,0,0,0,0,0,0,0,0,0,0,0,0,0,0,0,0,0,0,0,0,0,0,0,0,0,0,0,0,0,0,0,0,0,0,0,0,0,0,0,0,0,0,0,0,0,0,0,0,0,0,0,0,0,0,0,0,0,0,0,0,0,0,0,0,0,0,0,0,0,0,1,30
86,1,86,SCH-22025,,SAU#201,COE-BROWN NORTHWOOD ACADEMY,907 FIRST NH TPKE.,NORTHWOOD,ROCKINGHAM,NH,1602-01734-001,2016-02-23 00:00:00,3/1/2019 1:54:00 PM,RM 209 SINK /WAS HOME EC,LEAD,9.31,UG/L (PPB),03261,-71.2112599995741,43.2181099999012,4335,206,8,20,40,111,27,0,0,4129,156,350,185,2442,702,204,90,,,,,,,,,,,,,2347,1988,4335,4146,51,26,21,0,25,66,11,55,4195,198,60,60,0,0,0,0,138,138,0,0,0,0,3997,559,559,0,0,0,0,3438,3350,36,26,19,7,1187,38,0,0,0,38,10,10,0,28,19,9,1149,1031,998,33,118,70,53,17,48,31,17,4335,206,110,0,0,0,110,24,20,4,86,86,0,96,62,17,45,34,4129,3611,3312,3272,40,299,156,144,12,143,122,21,518,382,275,107,136,34969,74444,76583,-666666666,32055,52557,24978,3664,1695,62,35,0,35,22,3651,138,49,32,32,0,17,89,55,51,4,34,3513,1633,1349,1309,0.3375,1187,0,0,19,19,0,29,17,36,17,88,120,217,249,162,111,103,NH1799020,03261,0,0,0,0,0,0,0,0,0,0,0,0,0,0,0,0,0,0,0,0,0,0,0,0,0,0,0,0,0,0,0,0,0,0,0,0,0,0,0,0,0,0,0,0,0,0,0,0,0,0,0,0,0,0,0,0,0,0,0,0,0,0,0,0,0,0,0,0,0,0,0,0,0,0,0,0,0,0,0,0,0,0,0,0,0,0,0,0,0,0,0,0,0,0,0,0,0,0,0,0,0,0,0,0,0,0,0,0,0,0,0,0,0,0,0,0,0,0,0,0,0,0,0,0,0,0,0,0,0,0,0,0,0,0,0,0,0,0,0,0,0,0,0,0,0,0,0,0,0,0,0,0,1,30
88,1,88,SCH-21080,,SAU#81,PRESENTATION OF MARY ACADEMY,182 LOWELL RD.,HUDSON,HILLSBOROUGH,NH,196492.28,2019-06-10 00:00:00,7/1/2019 8:00:00 AM,GZ-28 SINK IN ROOM 110," LOUNGE""",,9.0,03051,-71.4265399997719,42.7410500000758,25165,1015,47,175,63,531,168,31,0,24150,1233,1231,2243,14073,4026,1040,304,,,,,,,,,,,,,12969,12439,25408,24068,189,0,638,33,213,267,15,252,24060,968,238,151,12,0,0,75,730,605,3,15,26,81,23092,3649,3500,71,66,12,0,19443,18035,313,848,221,26,6802,178,97,46,51,81,50,0,50,31,16,15,6624,5434,5034,400,1190,511,428,83,679,546,133,25165,1015,774,449,363,86,325,208,146,62,117,99,18,241,120,104,16,121,24150,21210,17668,17592,76,3542,1387,1306,81,2155,1989,166,2940,2310,1679,631,630,44063,52236,52637,31324,42458,55528,32259,21039,10150,545,218,0,218,202,20921,742,285,166,133,33,119,457,213,164,49,244,20179,9842,7850,7530,0.372,6802,84,30,96,44,66,104,126,110,94,260,386,1174,1178,780,1248,1022,NH1205070,03051,0,0,0,0,0,0,0,1,0,0,0,0,0,0,0,0,0,0,0,0,0,0,0,0,0,0,0,0,0,0,0,0,0,0,0,0,0,0,0,0,0,0,0,0,0,0,0,0,0,0,0,0,0,0,0,0,0,0,0,0,0,0,0,0,0,0,0,0,0,0,0,0,0,0,0,0,0,0,0,0,0,0,0,0,0,0,0,0,0,0,0,0,0,0,0,0,0,0,0,0,0,0,0,0,0,0,0,0,0,0,0,0,0,0,0,0,0,0,0,0,0,0,0,0,0,0,0,0,0,0,0,0,0,0,0,0,0,0,0,0,0,0,0,0,0,0,0,0,0,0,0,0,0,79
89,1,89,SCH-28990,,SAU#87,HIGHBRIDGE HILL ELEMENTARY SCHOOL,171 TURNPIKE ROAD,NEW IPSWICH,HILLSBOROUGH,NH,1904-03214-030,2019-04-25 00:00:00,5/1/2019 8:15:00 AM,30-THIRD GRADE ROOM 235,LEAD,7.8,UG/L (PPB),03071,-71.8211500001139,42.7457299999111,5337,268,0,0,13,124,131,0,0,5069,504,412,417,2689,705,298,44,,,,,,,,,,,,,2586,2751,5337,5129,0,0,53,0,0,155,0,155,4891,268,13,13,0,0,0,0,255,239,0,16,0,0,4623,887,887,0,0,0,0,3736,3617,0,86,33,0,1375,42,42,26,16,0,0,0,0,0,0,0,1333,1103,1020,83,230,83,83,0,147,147,0,5337,268,208,109,109,0,99,0,0,0,99,0,99,60,34,34,0,26,5069,4456,3819,3819,0,637,191,191,0,446,410,36,613,457,280,177,156,37434,61429,69750,4961,35545,46362,28824,4195,2040,180,98,0,98,98,4195,255,109,17,0,17,92,146,75,58,17,71,3940,1931,1533,1518,0.3859,1375,28,0,14,0,34,31,65,57,0,186,94,293,194,70,168,141,NH0823010,03071,0,0,0,0,0,0,0,0,0,0,0,0,0,0,0,0,0,0,0,0,0,0,0,0,0,0,0,0,0,0,0,0,0,0,0,0,0,0,0,0,0,0,0,0,0,0,0,0,0,0,0,0,0,0,0,0,0,0,0,0,0,0,0,0,0,0,0,0,0,0,0,0,0,0,0,0,0,0,0,0,0,0,0,0,0,0,0,0,0,0,0,0,0,0,0,0,0,0,0,0,0,0,0,0,0,0,0,0,0,0,0,0,0,0,0,0,0,0,0,0,0,0,0,0,0,0,0,0,0,0,0,0,0,0,0,0,0,1,0,0,1,0,0,0,0,0,0,0,0,0,0,3,0,32
94,1,94,SCH-29196,SCH-29197,SAU#78,RIVENDELL ACADEMY (E),2972 ROUTE 25A,ORFORD,GRAFTON,NH,1609-21833-001,2016-09-26 00:00:00,3/1/2019 9:08:00 AM,KITCHEN HAND WASH SINK,LEAD,2.0,UG/L (PPB),03777,-72.1384853036467,43.8988822863539,1444,145,4,21,15,94,8,0,3,1299,49,17,97,786,226,90,34,,,,,,,,,,,,,736,708,1444,1036,97,4,262,0,41,4,4,0,1402,141,36,36,0,0,0,0,105,31,10,0,64,0,1261,125,125,0,0,0,0,1136,928,0,10,198,0,300,12,8,4,4,4,4,4,0,0,0,0,288,263,229,34,25,9,9,0,16,12,4,1444,145,74,56,49,7,18,18,13,5,0,0,0,71,7,3,4,64,1299,897,808,800,8,89,27,23,4,62,62,0,402,177,148,29,225,25000,65625,65625,-666666666,23106,28295,19236,1284,648,38,5,0,5,5,1284,109,19,12,12,0,7,90,79,79,0,11,1175,629,440,419,0.4584,300,4,4,8,7,17,0,11,7,20,25,24,51,26,13,25,58,NH1838010,03777,0,0,0,0,0,0,0,0,0,0,0,0,0,0,0,0,0,0,0,0,0,0,0,0,0,0,0,0,0,0,0,0,0,0,0,0,0,0,0,0,0,0,0,0,0,0,0,0,0,0,0,0,0,0,0,0,0,0,0,0,0,0,0,0,0,0,0,0,0,0,0,0,0,0,0,0,0,0,0,0,0,0,0,0,0,0,0,0,0,0,0,0,0,0,0,0,0,0,0,0,0,0,0,0,0,0,0,0,0,0,0,0,0,0,0,0,0,0,0,0,0,0,0,0,0,0,0,0,0,0,0,0,0,0,0,0,0,0,0,0,0,0,0,0,0,0,0,0,0,0,0,1,0,45
95,1,95,SCH-20670,,SAU#103,JENNIE D. BLAKE SCHOOL,32 CRESCENT ST,HILL,MERRIMACK,NH,B807917002,2018-09-06 00:00:00,9/6/2018 4:50:00 AM,KITCHEN PREP SINK,LEAD,1.9,UG/L (PPB),03243,-71.7013400000415,43.5224600001867,916,88,0,13,0,64,7,4,0,828,56,48,40,395,241,35,13,,,,,,,,,,,,,447,473,920,920,0,0,0,0,0,0,0,0,864,88,13,13,0,0,0,0,75,75,0,0,0,0,776,92,88,0,4,0,0,684,665,4,12,0,3,252,17,4,4,0,13,0,0,0,13,13,0,235,207,200,7,28,19,15,4,9,9,0,916,88,71,11,7,4,60,4,0,4,56,56,0,17,10,10,0,7,828,678,587,583,4,91,51,48,3,40,22,18,150,111,69,42,39,38083,41806,55938,-666666666,37273,41328,35234,780,387,20,8,0,8,8,780,75,34,26,26,0,8,41,34,34,0,7,705,353,260,251,0.3492,252,0,4,3,0,17,7,4,7,13,3,23,78,32,40,7,14,NH1131010,03243,0,0,0,0,0,0,0,0,0,0,0,0,0,0,0,0,0,0,0,0,0,0,0,0,0,0,0,0,0,0,0,0,0,0,0,0,0,0,0,0,0,0,0,0,0,0,0,0,0,0,0,0,0,0,0,0,0,0,0,0,0,0,0,0,0,0,0,0,0,0,0,0,0,0,0,0,0,0,0,0,0,0,0,0,0,0,0,0,0,0,0,0,0,0,0,0,0,0,0,0,0,0,0,0,0,0,0,0,0,0,0,0,0,0,0,0,0,0,0,0,0,0,0,0,0,0,0,0,0,0,0,0,0,0,0,0,0,0,0,0,0,0,0,0,0,0,0,0,0,0,0,0,0,350
96,1,96,CB-00619,,02168-000047001000000000,OSSIPEE AREA HEAD START (MASONIC TEMPLE),535 ROUTE 25 EAST,OSSIPEE,CARROLL,NH,B901497003,2019-03-15 00:00:00,5/1/2019 7:45:00 AM,KITCHEN OSSIPEE,LEAD,1.8,UG/L (PPB),03882,-71.0546993660695,43.7921573016784,1630,160,15,30,8,66,41,0,0,1470,104,101,100,800,307,44,14,,,,,,,,,,,,,918,712,1630,1530,0,0,13,0,4,83,0,83,1515,145,38,38,0,0,0,0,107,103,0,4,0,0,1370,205,205,0,0,0,0,1165,1114,25,13,13,0,450,39,14,11,3,25,9,5,4,16,7,9,411,306,288,18,105,26,23,3,79,63,16,1630,160,136,39,39,0,97,27,18,9,70,58,12,24,19,19,0,5,1470,1324,842,842,0,482,77,63,14,405,382,23,146,125,105,20,21,32772,51406,52031,-666666666,31699,40402,26952,1302,606,40,21,0,21,21,1302,110,36,11,8,3,25,74,33,26,7,41,1192,570,402,400,0.4143,450,8,16,12,17,4,32,13,15,18,29,43,112,47,18,43,23,ME0105719,03882,0,0,0,0,0,0,0,0,0,0,0,0,0,0,0,0,0,0,0,0,0,0,0,0,0,0,0,0,0,0,0,0,0,0,0,0,0,0,0,0,0,0,0,0,0,0,0,0,0,0,0,0,0,0,0,0,0,0,0,0,0,0,0,0,0,0,0,0,0,0,0,0,0,0,0,0,0,0,0,0,0,0,0,0,0,0,0,0,0,0,0,0,0,0,0,0,0,0,0,0,0,0,0,0,0,0,0,0,0,0,0,0,0,0,0,0,0,0,0,0,0,0,0,0,0,0,0,0,0,0,0,0,0,0,0,0,0,0,0,0,0,0,0,0,0,0,0,0,0,0,0,0,1,126
97,1,97,SCH-20500,CB-06800,SAU#82,CHESTER ACADEMY,22 MURPHY DR.,CHESTER,ROCKINGHAM,NH,1811-01762-003,2018-11-13 00:00:00,3/1/2019 6:00:00 AM,NURSES OFFICE BATHROOM,LEAD,1.4,UG/L (PPB),03036,-71.2548200003021,42.9593900001353,5082,136,0,0,12,115,9,0,0,4946,381,342,337,2945,794,93,54,,,,,,,,,,,,,2570,2559,5129,4942,19,0,110,0,31,27,0,27,4829,136,12,12,0,0,0,0,124,124,0,0,0,0,4693,807,749,27,0,31,0,3886,3572,116,113,85,0,1474,23,0,0,0,23,11,0,11,12,12,0,1451,1270,1270,0,181,93,93,0,88,88,0,5082,136,127,18,0,18,109,59,49,10,50,27,23,9,0,0,0,9,4946,4672,4119,4032,87,553,349,316,33,204,204,0,274,213,144,69,61,55698,-666666666,65938,-666666666,55756,74032,40655,4168,2022,122,29,0,29,9,4144,124,87,50,27,23,37,37,10,10,0,27,4020,1935,1615,1569,0.3328,1474,0,12,0,11,10,0,44,29,0,0,124,168,223,186,297,370,NH0437020,03036,0,0,0,0,0,0,0,0,0,0,0,0,0,0,0,0,0,0,0,0,0,0,0,0,0,0,0,0,0,0,0,0,0,0,0,0,0,0,0,0,0,0,0,0,0,0,0,0,0,0,0,0,0,0,0,0,0,0,0,0,0,0,0,0,0,0,0,0,0,0,0,0,0,0,0,0,0,0,0,0,0,0,0,0,0,0,0,0,0,0,0,0,0,0,0,0,0,0,0,0,0,0,0,0,0,0,0,0,0,0,0,0,0,0,0,0,0,0,0,0,0,0,0,0,0,0,0,0,0,0,0,0,0,0,0,0,1,0,0,0,0,0,0,0,0,0,0,0,0,0,0,1,0,25
98,1,98,SCH-21675,SCH-26985,SAU#92,HINSDALE HIGH SCHOOL,49 SCHOOL ST.,HINSDALE,CHESHIRE,NH,66714,2019-01-29 00:00:00,2/1/2020 7:15:00 AM,HHS CONSUMER SCIENCE 4,LEAD,0.0,UG/L (PPB),03451,-72.5000500001179,42.7819199998412,3898,437,87,31,56,205,58,0,0,3461,77,231,242,1980,789,84,58,,,,,,,,,,,,,1778,2133,3911,3763,23,0,0,10,13,102,0,102,3801,350,87,87,0,0,0,0,263,263,0,0,0,0,3451,540,540,0,0,0,0,2911,2901,0,10,0,0,1058,121,9,9,0,112,21,21,0,91,25,66,937,813,684,129,124,37,37,0,87,75,12,3898,437,365,27,18,9,338,97,78,19,241,236,5,72,72,72,0,0,3461,2722,2430,2411,19,292,86,86,0,206,191,15,739,513,355,158,226,31649,38272,38401,-666666666,30174,41750,25056,3291,1767,136,127,0,127,116,3291,272,95,16,16,0,79,177,73,73,0,104,3019,1672,1334,1323,0.3871,1058,10,93,16,38,26,48,34,30,28,25,172,233,135,41,102,27,NH1151020,03451,0,0,0,0,0,0,0,0,0,0,0,0,0,0,0,0,0,0,0,0,0,0,0,0,0,0,0,0,0,0,0,0,0,0,0,0,0,0,0,0,0,1,0,0,0,0,0,0,0,0,0,0,0,1,0,0,0,0,0,0,0,0,0,0,0,0,0,0,0,0,0,0,0,0,0,0,0,0,0,0,0,0,0,0,0,0,0,0,0,0,0,0,0,0,0,0,0,0,0,0,0,1,1,0,0,0,0,0,0,0,0,0,0,0,0,0,0,0,0,0,0,0,0,1,0,0,0,0,0,1,0,0,0,0,0,0,0,0,0,0,0,0,0,0,0,0,0,0,0,0,1,0,0,1600
101,1,101,SCH-21330,,SAU#75,GRANTHAM VILLAGE SCHOOL,75 LEARNING DR.,GRANTHAM,SULLIVAN,NH,1812-01814-008,2018-12-05 00:00:00,2/1/2019 7:32:00 AM,ROOM 2016 SOUTH HALL BUBBLER,LEAD,-9999.0,UG/L (PPB),03753,-72.1345199998454,43.4922899997963,2869,49,0,0,18,31,0,0,0,2820,65,169,269,1507,452,345,13,,,,,,,,,,,,,1523,1346,2869,2827,0,24,0,0,0,18,0,18,2869,49,18,18,0,0,0,0,31,31,0,0,0,0,2820,503,503,0,0,0,0,2317,2284,0,33,0,0,862,31,0,0,0,31,0,0,0,31,31,0,831,710,610,100,121,89,89,0,32,32,0,2869,49,49,0,0,0,49,0,0,0,49,49,0,0,0,0,0,0,2820,2443,1918,1918,0,525,355,355,0,170,121,49,377,324,281,43,53,51438,44119,43207,-666666666,52083,57583,46250,2467,1140,88,37,0,37,37,2467,49,0,0,0,0,0,49,0,0,0,49,2418,1140,707,707,0.3313,862,0,0,31,0,43,0,0,0,0,26,96,112,140,232,123,59,NH0958010,03753,0,0,0,0,0,0,0,0,0,0,0,0,0,0,0,0,0,0,0,0,0,0,0,0,0,0,0,0,0,0,0,0,0,0,0,0,0,0,0,0,0,0,0,0,0,0,0,0,0,0,0,0,0,0,0,0,0,0,0,0,0,0,0,0,0,0,0,0,0,0,0,0,0,0,0,0,0,0,0,0,0,0,0,0,0,0,0,0,0,0,0,0,0,0,0,0,0,0,0,0,0,0,0,0,0,0,0,0,0,0,0,0,0,0,0,0,0,0,0,0,0,0,0,0,0,0,0,0,0,0,0,0,0,0,0,0,0,0,0,0,0,0,0,0,0,0,0,0,0,0,0,1,1,60
102,1,102,SCH-20525,CB-05429,SAU#83,ELLIS SCHOOL,432 MAIN ST.,FREMONT,ROCKINGHAM,NH,S12058J9,2018-12-05 00:00:00,3/1/2019 7:15:00 AM,KINDERGARTEN ROOM 507 SINK,LEAD,-9999.0,UG/L (PPB),03044,-71.1297370170728,42.9853450100633,4595,81,0,0,0,42,31,8,0,4514,286,340,269,2576,682,265,96,,,,,,,,,,,,,2353,2306,4659,4536,14,0,81,0,19,9,0,9,4347,81,0,0,0,0,0,0,81,81,0,0,0,0,4266,647,647,0,0,0,0,3619,3514,0,66,39,0,1342,0,0,0,0,0,0,0,0,0,0,0,1342,1233,1203,30,109,27,27,0,82,68,14,4595,81,0,0,0,0,0,0,0,0,0,0,0,81,27,9,18,54,4514,4025,3673,3656,17,352,76,76,0,276,262,14,489,386,258,128,103,46087,44875,47647,-666666666,46123,59527,30890,3828,1899,122,107,0,107,101,3774,81,52,20,9,11,32,29,21,9,12,8,3693,1835,1506,1480,0.3022,1342,0,0,0,0,17,8,16,14,50,51,134,173,310,235,177,157,NH1279060,03044,0,0,0,0,0,0,0,0,0,0,0,0,0,0,0,0,0,0,0,0,0,0,0,0,0,0,0,0,0,0,0,0,0,0,0,0,0,0,0,0,0,0,0,0,0,0,0,0,0,0,0,0,0,0,0,0,0,0,0,0,0,0,0,0,0,0,0,0,0,0,0,0,0,0,0,0,0,0,0,0,0,0,0,0,0,0,0,0,0,0,0,0,0,0,0,0,0,0,0,0,0,0,0,0,0,0,0,0,0,0,0,0,0,0,0,0,0,0,0,0,0,0,0,0,0,0,0,0,0,0,0,0,0,0,0,0,0,0,0,0,0,0,0,0,0,0,0,0,0,0,0,0,1,30
